S17,,,,,,,,,,,,,,,,,,,,,,,,,,,,,,,,,,,,,,,,,,,,,,,,,,,,,,,,,,,,,,,,,,,,,,,,,,,,,,,,,,,,,,,,,,,,,,,,,,,,,,,,,,,,,,,,,,,,,,,,,,,,,,,,,,,,,,,,,,,,,,,,,,,,,,,,,,,,,,,,,,,,,,,,,,,,,,,,,,,,,,,,,,,,,,,,,,,,,,,,,,,,,,,,,,,,,,,
,,,,,,,,,,,,,,,,,,,,,,,,,,,,,,,,,,,,,,,,,,,,,,,,,,,,,,,,,,,,,,,,,,,,,,,,,,,,,,,,,,,,,,,,,,,,,,,,,,,,,,,,,,,,,,,,,,,,,,,,,,,,,,,,,,,,,,,,,,,,,,,,,,,,,,,,,,,,,,,,,,,,,,,,,,,,,,,,,,,,,,,,,,,,,,,,,,,,,,,,,,,,,,,,,,,,,,,
%Correct,A,,,,,,,,,B,,,,,,,,,,,,,,,,,,,,,,,,,,,,,,,,,,,,,,,,,,,,,,,,,,,,,,,,,,,,,,,,,,,,,,,,,,,,,,,,,,,,,,,,,,,,,,,,,,,,,,,,,,,,,,,,,,,,,,,,,,,,,,,,,,,,,,,,,,,,,,,,,,,,,,,,,,,,,,,,,,,,,,,,,,,,,,,,,,,,,,,,,,,,,,,,,,,,,,,,,,,,,
,VD1,,,,,,,,,VD2,,,,,,,,,,,,,,,,,,,,,,,,,,,,,,,,,,,,,,,,,,,,,,,,,,,,,,,,,,,,,,,,,,,,,,,,,,,,,,,,,,,,,,,,,,,,,,,,,,,,,,,,,,,,,,,,,,,,,,,,,,,,,,,,,,,,,,,,,,,,,,,,,,,,,,,,,,,,,,,,,,,,,,,,,,,,,,,,,,,,,,,,,,,,,,,,,,,,,,,,,,,,,
,,,,,,,,,day:,1,,,,,,,,,2,,,,,,,,,3,,,,,,,,,4,,,,,,,,,,,,,,,,,,,,,,,,,,,,,,,,,,,,,,,,,,,,,,,,,,,,,,,,,,,,,,,,,,,,,,,,,,,,,,,,,,,,,,,,,,,,,,,,,,,,,,,,,,,,,,,,,,,,,,,,,,,,,,,,,,,,,,,,,,,,,,,,,,,,,,,,,,,,,,,,,,,,,,,,,,,,,,,,,,
ID,1,2,3,4,5,6,7,8,,1,2,3,4,5,6,7,8,,11,12,13,14,15,16,17,18,,21,22,23,24,25,26,27,28,,31,32,33,34,35,36,37,38,,,,,,,,,,,,,,,,,,,,,,,,,,,,,,,,,,,,,,,,,,,,,,,,,,,,,,,,,,,,,,,,,,,,,,,,,,,,,,,,,,,,,,,,,,,,,,,,,,,,,,,,,,,,,,,,,,,,,,,,,,,,,,,,,,,,,,,,,,,,,,,,,,,,,,,,,,,,,,,,,,,,,,,,,,,
N18-2g-25F,60,20,30,50,50,70,20,50,,40,20,40,30,60,50,20,30,,30,50,70,50,30,60,,,,60,50,30,30,30,70,,,,30,50,40,50,60,40,30,40,,,,,,,,,,,,,,,,,,,,,,,,,,,,,,,,,,,,,,,,,,,,,,,,,,,,,,,,,,,,,,,,,,,,,,,,,,,,,,,,,,,,,,,,,,,,,,,,,,,,,,,,,,,,,,,,,,,,,,,,,,,,,,,,,,,,,,,,,,,,,,,,,,,,,,,,,,,,,,,,,,,,,,,,,,,
N32-2g-15F,30,10,70,60,60,50,40,40,,50,40,40,70,90,40,50,70,,40,60,70,60,50,70,40,90,,60,70,70,60,60,70,70,90,,80,90,90,80,90,100,90,90,,,,,,,,,,,,,,,,,,,,,,,,,,,,,,,,,,,,,,,,,,,,,,,,,,,,,,,,,,,,,,,,,,,,,,,,,,,,,,,,,,,,,,,,,,,,,,,,,,,,,,,,,,,,,,,,,,,,,,,,,,,,,,,,,,,,,,,,,,,,,,,,,,,,,,,,,,,,,,,,,,,,,,,,,,,
N32-2g-17F,20,40,40,40,50,40,30,40,,40,60,20,30,30,60,,,,60,80,30,40,60,60,50,20,,50,30,30,30,30,40,40,40,,40,30,80,50,30,50,50,20,,,,,,,,,,,,,,,,,,,,,,,,,,,,,,,,,,,,,,,,,,,,,,,,,,,,,,,,,,,,,,,,,,,,,,,,,,,,,,,,,,,,,,,,,,,,,,,,,,,,,,,,,,,,,,,,,,,,,,,,,,,,,,,,,,,,,,,,,,,,,,,,,,,,,,,,,,,,,,,,,,,,,,,,,,,
N18-2g-34F,20,60,50,40,0,40,40,70,,20,40,70,40,30,40,50,40,,50,10,30,40,50,40,20,30,,30,50,40,40,50,50,80,80,,70,80,30,70,40,80,70,90,,,,,,,,,,,,,,,,,,,,,,,,,,,,,,,,,,,,,,,,,,,,,,,,,,,,,,,,,,,,,,,,,,,,,,,,,,,,,,,,,,,,,,,,,,,,,,,,,,,,,,,,,,,,,,,,,,,,,,,,,,,,,,,,,,,,,,,,,,,,,,,,,,,,,,,,,,,,,,,,,,,,,,,,,,,
N32-2g-21F,30,10,70,60,60,50,40,40,,50,40,40,70,90,40,50,70,,40,60,70,60,50,70,40,90,,60,70,70,60,60,70,70,90,,80,90,90,80,90,100,90,90,,,,,,,,,,,,,,,,,,,,,,,,,,,,,,,,,,,,,,,,,,,,,,,,,,,,,,,,,,,,,,,,,,,,,,,,,,,,,,,,,,,,,,,,,,,,,,,,,,,,,,,,,,,,,,,,,,,,,,,,,,,,,,,,,,,,,,,,,,,,,,,,,,,,,,,,,,,,,,,,,,,,,,,,,,,
N64-2g-4F,40,60,,,,,,,,30,70,50,40,60,60,90,50,,60,80,80,80,60,50,70,40,,60,80,40,60,40,10,60,50,,60,60,60,60,60,80,60,20,,,,,,,,,,,,,,,,,,,,,,,,,,,,,,,,,,,,,,,,,,,,,,,,,,,,,,,,,,,,,,,,,,,,,,,,,,,,,,,,,,,,,,,,,,,,,,,,,,,,,,,,,,,,,,,,,,,,,,,,,,,,,,,,,,,,,,,,,,,,,,,,,,,,,,,,,,,,,,,,,,,,,,,,,,,
,,,,,,,,,,,,,,,,,,,,,,,,,,,,,,,,,,,,,,,,,,,,,,,,,,,,,,,,,,,,,,,,,,,,,,,,,,,,,,,,,,,,,,,,,,,,,,,,,,,,,,,,,,,,,,,,,,,,,,,,,,,,,,,,,,,,,,,,,,,,,,,,,,,,,,,,,,,,,,,,,,,,,,,,,,,,,,,,,,,,,,,,,,,,,,,,,,,,,,,,,,,,,,,,,,,,,,,
Ave,33.33333333,33.33333333,52,50,44,50,34,48,,38.33333333,45,43.33333333,46.66666667,60,48.33333333,52,52,,46.66666667,56.66666667,58.33333333,55,50,58.33333333,44,54,,53.33333333,58.33333333,46.66666667,46.66666667,45,51.66666667,64,70,,60,66.66666667,65,65,61.66666667,75,65,58.33333333,,,,,,,,,,,,,,,,,,,,,,,,,,,,,,,,,,,,,,,,,,,,,,,,,,,,,,,,,,,,,,,,,,,,,,,,,,,,,,,,,,,,,,,,,,,,,,,,,,,,,,,,,,,,,,,,,,,,,,,,,,,,,,,,,,,,,,,,,,,,,,,,,,,,,,,,,,,,,,,,,,,,,,,,,,,
Sem,6.146362972,9.545214042,8,4.472135955,11.22497216,5.477225575,4,5.830951895,,4.772607021,7.187952884,6.666666667,7.601169501,10.95445115,4.01386486,11.13552873,8,,4.944132325,10.54092553,9.098229376,6.191391874,4.472135955,4.772607021,8.124038405,15.03329638,,4.944132325,7.490735018,7.601169501,6.146362972,5.627314339,9.803627447,6.782329983,10.48808848,,8.563488386,9.888264649,10.56724499,5.627314339,10.13793755,10.24695077,9.574271078,14.47219556,,,,,,,,,,,,,,,,,,,,,,,,,,,,,,,,,,,,,,,,,,,,,,,,,,,,,,,,,,,,,,,,,,,,,,,,,,,,,,,,,,,,,,,,,,,,,,,,,,,,,,,,,,,,,,,,,,,,,,,,,,,,,,,,,,,,,,,,,,,,,,,,,,,,,,,,,,,,,,,,,,,,,,,,,,,
,,,,,,,,,,,,,,,,,,,,,,,,,,,,,,,,,,,,,,,,,,,,,,,,,,,,,,,,,,,,,,,,,,,,,,,,,,,,,,,,,,,,,,,,,,,,,,,,,,,,,,,,,,,,,,,,,,,,,,,,,,,,,,,,,,,,,,,,,,,,,,,,,,,,,,,,,,,,,,,,,,,,,,,,,,,,,,,,,,,,,,,,,,,,,,,,,,,,,,,,,,,,,,,,,,,,,,,
Ｎ13-2g-36F,40,50,30,30,0,50,50,40,,10,40,50,20,30,30,50,40,,10,50,30,40,,,,,,30,60,40,60,60,30,70,60,,10,50,50,30,40,20,30,50,,,,,,,,,,,,,,,,,,,,,,,,,,,,,,,,,,,,,,,,,,,,,,,,,,,,,,,,,,,,,,,,,,,,,,,,,,,,,,,,,,,,,,,,,,,,,,,,,,,,,,,,,,,,,,,,,,,,,,,,,,,,,,,,,,,,,,,,,,,,,,,,,,,,,,,,,,,,,,,,,,,,,,,,,,,
N10-2g-42F,70,70,60,60,80,40,50,50,,70,50,90,50,80,90,50,60,,60,70,60,50,40,50,50,70,,70,50,60,40,60,30,70,50,,100,60,50,80,80,50,70,70,,,,,,,,,,,,,,,,,,,,,,,,,,,,,,,,,,,,,,,,,,,,,,,,,,,,,,,,,,,,,,,,,,,,,,,,,,,,,,,,,,,,,,,,,,,,,,,,,,,,,,,,,,,,,,,,,,,,,,,,,,,,,,,,,,,,,,,,,,,,,,,,,,,,,,,,,,,,,,,,,,,,,,,,,,,
N10-2g-43F,60,40,60,50,50,60,70,40,,30,50,60,30,50,60,50,30,,60,50,40,50,60,70,70,50,,50,60,50,50,60,80,70,50,,80,60,70,90,80,70,50,90,,,,,,,,,,,,,,,,,,,,,,,,,,,,,,,,,,,,,,,,,,,,,,,,,,,,,,,,,,,,,,,,,,,,,,,,,,,,,,,,,,,,,,,,,,,,,,,,,,,,,,,,,,,,,,,,,,,,,,,,,,,,,,,,,,,,,,,,,,,,,,,,,,,,,,,,,,,,,,,,,,,,,,,,,,,
N40-2g-21F,80,,,,,,,,,50,40,50,30,40,20,40,60,,30,40,50,40,30,70,50,80,,70,40,70,60,70,80,60,80,,,,,,,,,,,,,,,,,,,,,,,,,,,,,,,,,,,,,,,,,,,,,,,,,,,,,,,,,,,,,,,,,,,,,,,,,,,,,,,,,,,,,,,,,,,,,,,,,,,,,,,,,,,,,,,,,,,,,,,,,,,,,,,,,,,,,,,,,,,,,,,,,,,,,,,,,,,,,,,,,,,,,,,,,,,,,,,,,,,,
N40-2g-22F,40,60,40,50,50,50,40,30,,60,60,70,40,60,50,40,70,,70,60,60,70,30,40,60,50,,40,60,70,50,80,70,80,50,,70,50,70,50,70,60,50,60,,,,,,,,,,,,,,,,,,,,,,,,,,,,,,,,,,,,,,,,,,,,,,,,,,,,,,,,,,,,,,,,,,,,,,,,,,,,,,,,,,,,,,,,,,,,,,,,,,,,,,,,,,,,,,,,,,,,,,,,,,,,,,,,,,,,,,,,,,,,,,,,,,,,,,,,,,,,,,,,,,,,,,,,,,,
N40-2g-56F,60,60,60,90,60,70,50,40,,90,90,70,30,60,70,60,60,,70,70,80,70,50,70,60,40,,80,60,80,80,90,100,70,80,,70,90,70,70,60,90,100,70,,,,,,,,,,,,,,,,,,,,,,,,,,,,,,,,,,,,,,,,,,,,,,,,,,,,,,,,,,,,,,,,,,,,,,,,,,,,,,,,,,,,,,,,,,,,,,,,,,,,,,,,,,,,,,,,,,,,,,,,,,,,,,,,,,,,,,,,,,,,,,,,,,,,,,,,,,,,,,,,,,,,,,,,,,,
,,,,,,,,,,,,,,,,,,,,,,,,,,,,,,,,,,,,,,,,,,,,,,,,,,,,,,,,,,,,,,,,,,,,,,,,,,,,,,,,,,,,,,,,,,,,,,,,,,,,,,,,,,,,,,,,,,,,,,,,,,,,,,,,,,,,,,,,,,,,,,,,,,,,,,,,,,,,,,,,,,,,,,,,,,,,,,,,,,,,,,,,,,,,,,,,,,,,,,,,,,,,,,,,,,,,,,,
Ave,58.33333333,56,50,56,48,54,52,40,,51.66666667,55,65,33.33333333,53.33333333,53.33333333,48.33333333,53.33333333,,50,56.66666667,53.33333333,53.33333333,42,60,58,58,,56.66666667,55,61.66666667,56.66666667,70,65,70,61.66666667,,66,62,62,64,66,58,60,68,,,,,,,,,,,,,,,,,,,,,,,,,,,,,,,,,,,,,,,,,,,,,,,,,,,,,,,,,,,,,,,,,,,,,,,,,,,,,,,,,,,,,,,,,,,,,,,,,,,,,,,,,,,,,,,,,,,,,,,,,,,,,,,,,,,,,,,,,,,,,,,,,,,,,,,,,,,,,,,,,,,,,,,,,,,
Sem,6.54047229,5.099019514,6.32455532,9.797958971,13.19090596,5.099019514,4.898979486,3.16227766,,11.66666667,7.637626158,6.191391874,4.216370214,7.14920353,10.54092553,3.073181486,6.146362972,,10,4.944132325,7.14920353,5.57773351,5.830951895,6.32455532,3.741657387,7.348469228,,8.027729719,3.415650255,6.009252126,5.57773351,5.163977795,11.76151918,2.581988897,6.009252126,,15.03329638,7.348469228,4.898979486,10.77032961,7.483314774,11.5758369,11.83215957,6.633249581,,,,,,,,,,,,,,,,,,,,,,,,,,,,,,,,,,,,,,,,,,,,,,,,,,,,,,,,,,,,,,,,,,,,,,,,,,,,,,,,,,,,,,,,,,,,,,,,,,,,,,,,,,,,,,,,,,,,,,,,,,,,,,,,,,,,,,,,,,,,,,,,,,,,,,,,,,,,,,,,,,,,,,,,,,,
,,,,,,,,,,,,,,,,,,,,,,,,,,,,,,,,,,,,,,,,,,,,,,,,,,,,,,,,,,,,,,,,,,,,,,,,,,,,,,,,,,,,,,,,,,,,,,,,,,,,,,,,,,,,,,,,,,,,,,,,,,,,,,,,,,,,,,,,,,,,,,,,,,,,,,,,,,,,,,,,,,,,,,,,,,,,,,,,,,,,,,,,,,,,,,,,,,,,,,,,,,,,,,,,,,,,,,,
,,,,,,,,,,,,,,,,,,,,,,,,,,,,,,,,,,,,,,,,,,,,,,,,,,,,,,,,,,,,,,,,,,,,,,,,,,,,,,,,,,,,,,,,,,,,,,,,,,,,,,,,,,,,,,,,,,,,,,,,,,,,,,,,,,,,,,,,,,,,,,,,,,,,,,,,,,,,,,,,,,,,,,,,,,,,,,,,,,,,,,,,,,,,,,,,,,,,,,,,,,,,,,,,,,,,,,,
,,,,,,,,,,,,,,,,,,,,,,,,,,,,,,,,,,,,,,,,,,,,,,,,,,,,,,,,,,,,,,,,,,,,,,,,,,,,,,,,,,,,,,,,,,,,,,,,,,,,,,,,,,,,,,,,,,,,,,,,,,,,,,,,,,,,,,,,,,,,,,,,,,,,,,,,,,,,,,,,,,,,,,,,,,,,,,,,,,,,,,,,,,,,,,,,,,,,,,,,,,,,,,,,,,,,,,,
,,,,,,,,,,,,,,,,,,,,,,,,,,,,,,,,,,,,,,,,,,,,,,,,,,,,,,,,,,,,,,,,,,,,,,,,,,,,,,,,,,,,,,,,,,,,,,,,,,,,,,,,,,,,,,,,,,,,,,,,,,,,,,,,,,,,,,,,,,,,,,,,,,,,,,,,,,,,,,,,,,,,,,,,,,,,,,,,,,,,,,,,,,,,,,,,,,,,,,,,,,,,,,,,,,,,,,,
,C,,,,,,,,,D,,,,,,,,,,,,,,,,,,,,,,,,,,,,,,,,,,,,,,,,,,,,,,,,,,,,,,,,,,,,,,,,,,,,,,,,,,,,,,,,,,,,,,,,,,,,,,,,,,,,,,,,,,,,,,,,,,,,,,,,,,,,,,,,,,,,,,,,,,,,,,,,,,,,,,,,,,,,,,,,,,,,,,,,,,,,,,,,,,,,,,,,,,,,,,,,,,,,,,,,,,,,,
,pre-acquisition,,,,,,,,,acquisition,,,,,,,,,,,,,,,,,,,,,,,,,,,,,,,,,,,,,,,,,,,,,,,,,,,,,,,,,,,,,,,,,,,,,,,,,,,,,,,,,,,,,,,,,,,,,,,,,,,,,,,,,,,,,,,,,,,,,,,,,,,,,,,,,,,,,,,,,,,,,,,,,,,,,,,,,,,,,,,,,,,,,,,,,,,,,,,,,,,,,,,,,,,,,,,,,,,,,,,,,,,,,
,,,,,,,,,day:,1,,,,,,,,,2,,,,,,,,,3,,,,,,,,,4,,,,,,,,,5,,,,,,,,,6,,,,,,,,,7,,,,,,,,,8,,,,,,,,,9,,,,,,,,,10,,,,,,,,,11,,,,,,,,,12,,,,,,,,,13,,,,,,,,,14,,,,,,,,,15,,,,,,,,,16,,,,,,,,,17,,,,,,,,,18,,,,,,,,,19,,,,,,,,,20,,,,,,,,,21,,,,,,,,,22,,,,,,,,,23,,,,,,,
ID,1,2,3,4,5,6,7,8,,1,2,3,4,5,6,7,8,,11,12,13,14,15,16,17,18,,21,22,23,24,25,26,27,28,,31,32,33,34,35,36,37,38,,41,42,43,44,45,46,47,48,,51,52,53,54,55,56,57,58,,61,62,63,64,65,66,67,68,,71,72,73,74,75,76,77,78,,81,82,83,84,85,86,87,88,,91,92,93,94,95,96,97,98,,101,102,103,104,105,106,107,108,,111,112,113,114,115,116,117,118,,121,122,123,124,125,126,127,128,,131,132,133,134,135,136,137,138,,141,142,143,144,145,146,147,148,,151,152,153,154,155,156,157,158,,161,162,163,164,165,166,167,168,,171,172,173,174,175,176,177,178,,181,182,183,184,185,186,187,188,,191,192,193,194,195,196,197,198,,201,202,203,204,205,206,207,208,,211,212,213,214,215,216,217,218,,221,222,223,224,225,226,227,228
N18-2g-25F,80,100,90,90,80,80,90,90,,70,60,80,60,50,60,40,50,,30,60,30,70,60,70,50,70,,50,90,70,70,20,60,70,50,,70,50,80,80,40,60,90,60,,80,80,90,90,80,60,90,70,,80,70,70,80,70,70,100,100,,70,90,90,60,100,100,70,100,,,,,,,,,,,,,,,,,,,,,,,,,,,,,,,,,,,,,,,,,,,,,,,,,,,,,,,,,,,,,,,,,,,,,,,,,,,,,,,,,,,,,,,,,,,,,,,,,,,,,,,,,,,,,,,,,,,,,,,,,,,,,,,,,,,,,,,,,,,,,,,,
N32-2g-15F,80,60,100,100,90,100,100,100,,20,30,10,30,30,30,30,60,,40,60,20,50,60,50,50,30,,30,50,70,60,40,80,80,50,,50,60,60,40,70,60,70,60,,20,50,70,50,30,60,30,90,,80,60,80,70,50,50,50,60,,40,60,60,60,90,80,60,50,,50,60,80,70,60,80,80,50,,90,90,60,90,80,50,70,60,,80,80,70,70,70,80,70,100,,90,100,80,90,100,80,70,90,,90,90,90,90,50,90,90,80,,,,,,,,,,,,,,,,,,,,,,,,,,,,,,,,,,,,,,,,,,,,,,,,,,,,,,,,,,,,,,,,,,,,,,,,,,,,,,,,,,,,,,,,,,,,,,,,,,,
N32-2g-17F,90,80,80,70,80,70,,,,40,70,50,60,80,,,,,30,50,50,20,50,70,50,,,70,50,60,70,30,60,,,,40,70,40,70,30,70,,,,40,60,80,50,80,70,70,80,,50,40,60,70,60,50,50,70,,40,70,80,50,80,60,70,40,,50,70,60,70,50,70,80,80,,60,60,70,80,60,50,70,70,,70,80,100,90,70,90,70,70,,60,70,80,80,60,90,60,80,,80,50,60,70,90,90,90,80,,80,80,70,70,80,80,70,80,,80,80,70,60,100,80,70,80,,60,70,90,80,90,60,80,70,,70,80,90,90,80,80,80,90,,90,60,100,80,80,80,100,100,,,,,,,,,,,,,,,,,,,,,,,,,,,,,,,,,,,,,,,,,,,,,,,,,,,,,,
N18-2g-34F,90,80,90,90,90,90,100,100,,50,40,70,10,,,,,,50,50,60,30,60,50,50,40,,60,50,60,50,70,60,60,,,20,40,50,60,60,40,40,,,30,40,50,40,40,70,80,20,,70,50,70,60,80,80,90,80,,80,60,70,80,90,60,90,80,,90,70,70,70,50,40,80,60,,70,80,80,80,90,90,80,60,,70,90,80,90,70,80,60,90,,70,80,70,100,80,90,90,90,,80,80,90,90,100,90,90,90,,90,90,60,90,80,50,70,60,,80,80,70,70,70,80,70,100,,90,100,80,90,100,80,70,90,,90,90,90,90,50,90,90,80,,,,,,,,,,,,,,,,,,,,,,,,,,,,,,,,,,,,,,,,,,,,,,,,,,,,,,,,,,,,,,,
N32-2g-21F,80,60,100,100,90,100,100,100,,20,30,10,30,30,30,30,60,,40,60,20,50,60,50,50,30,,30,50,70,60,40,80,80,50,,50,60,60,40,70,60,70,60,,20,50,70,50,30,60,30,90,,80,60,80,70,50,50,50,60,,40,60,60,60,90,80,60,50,,50,60,80,70,60,80,80,50,,,,,,,,,,,,,,,,,,,,,,,,,,,,,,,,,,,,,,,,,,,,,,,,,,,,,,,,,,,,,,,,,,,,,,,,,,,,,,,,,,,,,,,,,,,,,,,,,,,,,,,,,,,,,,,,,,,,,,,,,,,,,,,,,,,,,,,
N64-2g-4F,70,60,60,80,60,80,100,80,,90,90,100,100,100,100,90,90,,50,40,50,50,50,60,70,30,,60,60,70,50,60,70,70,90,,60,20,70,70,90,50,50,30,,40,60,60,80,90,70,30,60,,80,70,60,70,70,50,70,70,,70,70,50,30,50,80,50,80,,60,90,60,90,80,70,100,80,,80,90,90,90,80,30,90,90,,80,90,80,80,90,70,90,100,,,,,,,,,,,,,,,,,,,,,,,,,,,,,,,,,,,,,,,,,,,,,,,,,,,,,,,,,,,,,,,,,,,,,,,,,,,,,,,,,,,,,,,,,,,,,,,,,,,,,,,,,,,,,,,,,,,,,
,,,,,,,,,,,,,,,,,,,,,,,,,,,,,,,,,,,,,,,,,,,,,,,,,,,,,,,,,,,,,,,,,,,,,,,,,,,,,,,,,,,,,,,,,,,,,,,,,,,,,,,,,,,,,,,,,,,,,,,,,,,,,,,,,,,,,,,,,,,,,,,,,,,,,,,,,,,,,,,,,,,,,,,,,,,,,,,,,,,,,,,,,,,,,,,,,,,,,,,,,,,,,,,,,,,,,,,
Ave,81.66666667,73.33333333,86.66666667,88.33333333,81.66666667,86.66666667,98,94,,48.33333333,53.33333333,53.33333333,48.33333333,58,55,47.5,65,,40,53.33333333,38.33333333,45,56.66666667,58.33333333,53.33333333,40,,50,58.33333333,66.66666667,60,43.33333333,68.33333333,72,60,,48.33333333,50,60,60,60,56.66666667,64,52.5,,38.33333333,56.66666667,70,60,58.33333333,65,55,68.33333333,,73.33333333,58.33333333,70,70,63.33333333,58.33333333,68.33333333,73.33333333,,56.66666667,68.33333333,68.33333333,56.66666667,83.33333333,76.66666667,66.66666667,66.66666667,,60,70,70,74,60,68,84,64,,75,80,75,85,77.5,55,77.5,70,,75,85,82.5,82.5,75,80,72.5,90,,73.33333333,83.33333333,76.66666667,90,80,86.66666667,73.33333333,86.66666667,,83.33333333,73.33333333,80,83.33333333,80,90,90,83.33333333,,85,85,65,80,80,65,70,70,,80,80,70,65,85,80,70,90,,75,85,85,85,95,70,75,80,,80,85,90,90,65,85,85,85,,90,60,100,80,80,80,100,100,,,,,,,,,,,,,,,,,,,,,,,,,,,,,,,,,,,,,,,,,,,,,,,,,,,,,,
Sem,3.073181486,6.666666667,6.146362972,4.772607021,4.772607021,4.944132325,2,4,,11.37736544,9.888264649,15.202339,13.01708279,13.92838828,16.58312395,14.36140662,8.660254038,,3.651483717,3.333333333,7.03167437,7.187952884,2.108185107,4.01386486,3.333333333,7.745966692,,6.831300511,6.54047229,2.108185107,3.651483717,7.601169501,4.01386486,3.741657387,10,,7.03167437,7.302967433,5.773502692,6.831300511,8.94427191,4.216370214,8.717797887,7.5,,9.098229376,5.57773351,5.773502692,8.164965809,11.37736544,2.236067977,11.47460965,10.77548658,,4.944132325,4.772607021,3.651483717,2.581988897,4.944132325,5.426273532,9.098229376,6.146362972,,7.601169501,4.772607021,6.009252126,6.666666667,7.14920353,6.146362972,5.57773351,9.545214042,,7.745966692,5.477225575,4.472135955,4,5.477225575,7.348469228,4,6.782329983,,6.454972244,7.071067812,6.454972244,2.886751346,6.291528696,12.58305739,4.787135539,7.071067812,,2.886751346,2.886751346,6.291528696,4.787135539,5,4.082482905,6.291528696,7.071067812,,8.819171037,8.819171037,3.333333333,5.773502692,11.54700538,3.333333333,8.819171037,3.333333333,,3.333333333,12.01850425,10,6.666666667,15.27525232,0,0,3.333333333,,5,5,5,10,0,15,0,10,,0,0,0,5,15,0,0,10,,15,15,5,5,5,10,5,10,,10,5,0,0,15,5,5,5,,,,,,,,,,,,,,,,,,,,,,,,,,,,,,,,,,,,,,,,,,,,,,,,,,,,,,,,,,,,,,,
,,,,,,,,,,,,,,,,,,,,,,,,,,,,,,,,,,,,,,,,,,,,,,,,,,,,,,,,,,,,,,,,,,,,,,,,,,,,,,,,,,,,,,,,,,,,,,,,,,,,,,,,,,,,,,,,,,,,,,,,,,,,,,,,,,,,,,,,,,,,,,,,,,,,,,,,,,,,,,,,,,,,,,,,,,,,,,,,,,,,,,,,,,,,,,,,,,,,,,,,,,,,,,,,,,,,,,,
,,,,,,,,,,,,,,,,,,,,,,,,,,,,,,,,,,,,,,,,,,,,,,,,,,,,,,,,,,,,,,,,,,,,,,,,,,,,,,,,,,,,,,,,,,,,,,,,,,,,,,,,,,,,,,,,,,,,,,,,,,,,,,,,,,,,,,,,,,,,,,,,,,,,,,,,,,,,,,,,,,,,,,,,,,,,,,,,,,,,,,,,,,,,,,,,,,,,,,,,,,,,,,,,,,,,,,,
Ｎ13-2g-36F,90,80,90,90,90,90,100,100,,50,40,70,10,,,,,,50,50,60,30,60,50,50,40,,60,50,60,50,70,60,60,,,20,40,50,60,60,40,40,,,30,40,50,40,40,70,80,20,,70,50,70,60,80,80,90,80,,80,60,70,80,90,60,90,80,,90,70,70,70,50,40,80,60,,70,80,80,80,90,90,80,60,,70,90,80,90,70,80,60,90,,70,80,70,100,80,90,90,90,,80,80,90,90,100,90,90,90,,,,,,,,,,,,,,,,,,,,,,,,,,,,,,,,,,,,,,,,,,,,,,,,,,,,,,,,,,,,,,,,,,,,,,,,,,,,,,,,,,,,,,,,,,,,,,,,,,,
N10-2g-42F,70,100,100,90,90,100,100,100,,20,30,60,10,40,70,50,20,,20,40,50,70,60,60,60,70,,50,60,60,60,60,40,60,70,,40,50,60,70,60,50,50,50,,80,60,50,70,60,60,70,40,,40,70,60,70,70,90,70,60,,80,90,70,70,60,60,90,60,,80,90,70,40,90,70,80,90,,90,100,80,60,70,70,60,50,,60,80,60,60,70,70,90,60,,70,60,80,70,80,90,80,100,,80,100,50,80,70,90,70,70,,90,90,80,70,80,80,90,90,,100,90,100,80,100,80,80,90,,,,,,,,,,,,,,,,,,,,,,,,,,,,,,,,,,,,,,,,,,,,,,,,,,,,,,,,,,,,,,,,,,,,,,,,,,,,,,,,,
N10-2g-43F,90,100,80,100,100,80,90,90,,30,20,20,30,30,30,20,30,,70,50,40,30,50,30,50,40,,40,60,30,60,50,70,70,70,,60,10,40,60,60,70,40,80,,70,60,60,80,40,60,50,60,,60,50,50,30,50,80,40,20,,40,20,50,50,40,30,80,60,,80,20,70,50,40,50,60,60,,60,70,80,60,60,50,50,60,,50,40,60,70,90,60,90,30,,50,70,70,60,70,60,80,90,,70,90,60,80,70,50,60,70,,60,90,80,90,60,70,70,60,,90,40,50,30,60,60,50,70,,80,40,80,70,20,90,70,70,,80,90,90,70,60,50,70,60,,70,80,80,50,90,70,80,60,,70,90,80,70,60,80,60,90,,90,80,100,50,60,80,70,90,,70,70,90,70,80,80,80,70,,100,60,60,80,90,70,50,70,,90,80,90,80,80,80,80,80,,100,70,80,70,70,80,60,100
N40-2g-21F,90,100,90,80,70,80,90,90,,30,70,40,40,50,40,40,30,,50,80,50,80,90,40,50,60,,30,70,40,60,70,80,70,80,,60,70,60,80,70,40,80,60,,70,50,40,50,60,60,50,70,,60,50,60,80,80,70,50,50,,70,90,80,70,70,70,80,80,,70,80,70,90,70,90,80,70,,60,70,70,40,60,70,60,80,,70,70,60,60,60,70,90,60,,60,90,90,50,90,80,70,70,,80,80,90,80,60,80,70,60,,60,90,70,70,70,100,70,100,,50,90,60,60,80,90,80,100,,80,90,80,90,90,60,70,80,,70,80,60,70,80,100,100,90,,80,80,70,80,90,100,80,40,,,,,,,,,,,,,,,,,,,,,,,,,,,,,,,,,,,,,,,,,,,,,,,,,,,,,,
N40-2g-22F,50,80,70,60,90,80,80,60,,60,80,70,60,50,100,40,70,,90,80,90,60,60,80,90,40,,90,90,60,40,100,60,50,80,,100,90,80,60,80,60,70,80,,70,90,60,90,100,70,70,90,,90,90,80,70,90,90,90,80,,80,80,90,100,100,80,90,80,,60,50,30,30,30,30,40,60,,50,50,10,30,30,40,20,60,,50,30,50,40,30,30,50,,,60,50,,,,,,,,30,50,70,40,50,60,90,60,,80,50,50,30,40,40,60,50,,70,40,60,60,70,50,50,60,,40,30,60,30,40,40,60,,,60,60,50,50,40,70,50,,,60,50,70,60,70,60,70,60,,70,60,70,70,80,60,40,20,,70,60,50,80,50,70,30,60,,60,50,50,60,70,60,80,60,,,,,,,,,,,,,,,,,,,,,,,,,,,
N40-2g-56F,100,80,100,90,90,100,80,80,,40,40,70,50,40,80,20,60,,30,40,60,50,40,50,70,70,,60,60,30,60,40,60,30,60,,70,30,80,60,60,60,50,70,,60,50,50,40,70,60,60,50,,80,60,70,60,40,70,80,90,,50,50,60,60,70,70,30,80,,80,70,90,70,50,60,90,90,,60,50,60,60,70,90,50,70,,60,80,80,70,70,80,50,90,,50,70,80,90,80,90,70,80,,60,70,80,70,80,90,70,90,,80,70,70,70,70,70,80,80,,70,70,50,90,80,60,80,60,,70,50,70,90,70,70,40,60,,90,90,90,70,70,80,80,60,,90,90,90,90,90,50,70,70,,90,90,70,80,30,80,70,90,,100,70,90,80,80,80,100,100,,70,100,90,90,90,80,80,70,,,,,,,,,,,,,,,,,,,,,,,,,,,
,,,,,,,,,,,,,,,,,,,,,,,,,,,,,,,,,,,,,,,,,,,,,,,,,,,,,,,,,,,,,,,,,,,,,,,,,,,,,,,,,,,,,,,,,,,,,,,,,,,,,,,,,,,,,,,,,,,,,,,,,,,,,,,,,,,,,,,,,,,,,,,,,,,,,,,,,,,,,,,,,,,,,,,,,,,,,,,,,,,,,,,,,,,,,,,,,,,,,,,,,,,,,,,,,,,,,,,
Ave,81.66666667,90,88.33333333,85,88.33333333,88.33333333,90,86.66666667,,38.33333333,46.66666667,55,33.33333333,42,64,34,42,,51.66666667,56.66666667,58.33333333,53.33333333,60,51.66666667,61.66666667,53.33333333,,55,65,46.66666667,55,65,61.66666667,56.66666667,72,,58.33333333,48.33333333,61.66666667,65,65,53.33333333,55,68,,63.33333333,58.33333333,51.66666667,61.66666667,61.66666667,63.33333333,63.33333333,55,,66.66666667,61.66666667,65,61.66666667,68.33333333,80,70,63.33333333,,66.66666667,65,70,71.66666667,71.66666667,61.66666667,76.66666667,73.33333333,,76.66666667,63.33333333,66.66666667,58.33333333,55,56.66666667,71.66666667,71.66666667,,65,70,63.33333333,55,63.33333333,68.33333333,53.33333333,63.33333333,,60,65,65,65,65,65,71.66666667,66,,60,70,78,74,80,82,78,86,,66.66666667,78.33333333,73.33333333,73.33333333,71.66666667,76.66666667,75,73.33333333,,74,78,70,66,64,72,74,76,,76,66,64,64,78,68,68,76,,67.5,52.5,72.5,70,55,65,60,70,,75,80,72.5,65,62.5,75,75,70,,75,75,77.5,70,85,70,75,57.5,,76.66666667,80,73.33333333,73.33333333,56.66666667,73.33333333,56.66666667,66.66666667,,86.66666667,70,80,70,63.33333333,76.66666667,66.66666667,83.33333333,,66.66666667,73.33333333,76.66666667,73.33333333,80,73.33333333,80,66.66666667,,,,,,,,,,,,,,,,,,,,,,,,,,,
Sem,7.490735018,4.472135955,4.772607021,5.627314339,4.01386486,4.01386486,3.651483717,6.146362972,,6.009252126,9.545214042,8.465616733,8.432740427,3.741657387,12.88409873,6,9.695359715,,10.46156988,7.601169501,7.03167437,8.432740427,6.831300511,7.03167437,6.54047229,6.146362972,,8.465616733,5.627314339,6.146362972,3.415650255,8.465616733,5.426273532,6.146362972,3.741657387,,11.08051343,11.66666667,6.54047229,3.415650255,3.415650255,4.944132325,6.708203932,5.830951895,,7.14920353,7.03167437,3.073181486,8.724168219,9.098229376,2.108185107,4.944132325,9.91631652,,7.14920353,6.54047229,4.281744193,7.03167437,7.923242883,3.651483717,8.563488386,10.54092553,,7.14920353,11.18033989,5.773502692,7.03167437,8.724168219,7.03167437,9.545214042,4.216370214,,4.216370214,10.21980648,8.027729719,9.098229376,8.850612032,8.819171037,7.490735018,6.009252126,,5.627314339,7.745966692,11.15546702,7.187952884,8.027729719,8.333333333,8.027729719,4.216370214,,3.651483717,9.91631652,5,6.708203932,8.062257748,7.637626158,8.333333333,11.22497216,,3.651483717,5.773502692,3.741657387,9.273618495,3.16227766,5.830951895,3.741657387,5.099019514,,8.027729719,7.03167437,6.666666667,7.14920353,7.03167437,7.14920353,5,5.57773351,,6,8,5.477225575,9.797958971,6.782329983,9.695359715,5.099019514,9.273618495,,8.717797887,11.22497216,9.273618495,10.29563014,6.633249581,7.348469228,7.348469228,8.124038405,,9.464847243,13.1497782,4.787135539,14.14213562,15.54563176,10.40833,7.071067812,5.773502692,,6.454972244,7.071067812,10.30776406,5,8.539125638,10.40833,10.40833,10,,6.454972244,8.660254038,4.787135539,9.128709292,5,10.8012345,2.886751346,6.291528696,,6.666666667,10,3.333333333,3.333333333,14.52966315,6.666666667,8.819171037,23.33333333,,8.819171037,5.773502692,15.27525232,10,8.819171037,3.333333333,20.2758751,12.01850425,,3.333333333,14.52966315,13.33333333,8.819171037,5.773502692,6.666666667,0,3.333333333,,,,,,,,,,,,,,,,,,,,,,,,,,,
,,,,,,,,,,,,,,,,,,,,,,,,,,,,,,,,,,,,,,,,,,,,,,,,,,,,,,,,,,,,,,,,,,,,,,,,,,,,,,,,,,,,,,,,,,,,,,,,,,,,,,,,,,,,,,,,,,,,,,,,,,,,,,,,,,,,,,,,,,,,,,,,,,,,,,,,,,,,,,,,,,,,,,,,,,,,,,,,,,,,,,,,,,,,,,,,,,,,,,,,,,,,,,,,,,,,,,,
,,,,,,,,,,,,,,,,,,,,,,,,,,,,,,,,,,,,,,,,,,,,,,,,,,,,,,,,,,,,,,,,,,,,,,,,,,,,,,,,,,,,,,,,,,,,,,,,,,,,,,,,,,,,,,,,,,,,,,,,,,,,,,,,,,,,,,,,,,,,,,,,,,,,,,,,,,,,,,,,,,,,,,,,,,,,,,,,,,,,,,,,,,,,,,,,,,,,,,,,,,,,,,,,,,,,,,,
,,,,,,,,,,,,,,,,,,,,,,,,,,,,,,,,,,,,,,,,,,,,,,,,,,,,,,,,,,,,,,,,,,,,,,,,,,,,,,,,,,,,,,,,,,,,,,,,,,,,,,,,,,,,,,,,,,,,,,,,,,,,,,,,,,,,,,,,,,,,,,,,,,,,,,,,,,,,,,,,,,,,,,,,,,,,,,,,,,,,,,,,,,,,,,,,,,,,,,,,,,,,,,,,,,,,,,,
,,,,,,,,,,,,,,,,,,,,,,,,,,,,,,,,,,,,,,,,,,,,,,,,,,,,,,,,,,,,,,,,,,,,,,,,,,,,,,,,,,,,,,,,,,,,,,,,,,,,,,,,,,,,,,,,,,,,,,,,,,,,,,,,,,,,,,,,,,,,,,,,,,,,,,,,,,,,,,,,,,,,,,,,,,,,,,,,,,,,,,,,,,,,,,,,,,,,,,,,,,,,,,,,,,,,,,,
Trials,,E,F,,,,G,H,,,,,,,,,,,,,,,,,,,,,,,,,,,,,,,,,,,,,,,,,,,,,,,,,,,,,,,,,,,,,,,,,,,,,,,,,,,,,,,,,,,,,,,,,,,,,,,,,,,,,,,,,,,,,,,,,,,,,,,,,,,,,,,,,,,,,,,,,,,,,,,,,,,,,,,,,,,,,,,,,,,,,,,,,,,,,,,,,,,,,,,,,,,,,,,,,,,,,,,,,,,,,,,
,,VD1,VD2,,,,pre-acquisition,acquisition,,,,,,,,,,,,,,,,,,,,,,,,,,,,,,,,,,,,,,,,,,,,,,,,,,,,,,,,,,,,,,,,,,,,,,,,,,,,,,,,,,,,,,,,,,,,,,,,,,,,,,,,,,,,,,,,,,,,,,,,,,,,,,,,,,,,,,,,,,,,,,,,,,,,,,,,,,,,,,,,,,,,,,,,,,,,,,,,,,,,,,,,,,,,,,,,,,,,,,,,,,,,,,,
,,,day,,,,,day,,,,,,,,,,,,,,,,,,,,,,,,,,,,,,,,,,,,,,,,,,,,,,,,,,,,,,,,,,,,,,,,,,,,,,,,,,,,,,,,,,,,,,,,,,,,,,,,,,,,,,,,,,,,,,,,,,,,,,,,,,,,,,,,,,,,,,,,,,,,,,,,,,,,,,,,,,,,,,,,,,,,,,,,,,,,,,,,,,,,,,,,,,,,,,,,,,,,,,,,,,,,,,,
,ID,,1,2,3,4,,1,2,3,4,5,6,7,8,9,10,11,12,13,14,15,16,17,18,19,20,21,22,23,24,25,26,27,28,29,30,31,32,33,34,35,36,37,,,,,,,,,,,,,,,,,,,,,,,,,,,,,,,,,,,,,,,,,,,,,,,,,,,,,,,,,,,,,,,,,,,,,,,,,,,,,,,,,,,,,,,,,,,,,,,,,,,,,,,,,,,,,,,,,,,,,,,,,,,,,,,,,,,,,,,,,,,,,,,,,,,,,,,,,,,,,,,,,,,,,,,,,,,
Total,N18-2g-25F,207,209,63,61,145,96,143,138,127,120,102,100,96,,,,,,,,,,,,,,,,,,,,,,,,,,,,,,,,,,,,,,,,,,,,,,,,,,,,,,,,,,,,,,,,,,,,,,,,,,,,,,,,,,,,,,,,,,,,,,,,,,,,,,,,,,,,,,,,,,,,,,,,,,,,,,,,,,,,,,,,,,,,,,,,,,,,,,,,,,,,,,,,,,,,,,,,,,,,,,,,,,,,,,,,,,,,,,,,,,,,,,,,,
,N32-2g-15F,155,137,130,115,89,87,105,98,114,128,113,122,123,126,105,102,92,97,,,,,,,,,,,,,,,,,,,,,,,,,,,,,,,,,,,,,,,,,,,,,,,,,,,,,,,,,,,,,,,,,,,,,,,,,,,,,,,,,,,,,,,,,,,,,,,,,,,,,,,,,,,,,,,,,,,,,,,,,,,,,,,,,,,,,,,,,,,,,,,,,,,,,,,,,,,,,,,,,,,,,,,,,,,,,,,,,,,,,,,,,,,,,,,,,,,,
,N32-2g-17F,83,62,110,109,173,68,51,70,62,62,127,148,123,123,123,108,114,105,104,102,107,95,92,,,,,,,,,,,,,,,,,,,,,,,,,,,,,,,,,,,,,,,,,,,,,,,,,,,,,,,,,,,,,,,,,,,,,,,,,,,,,,,,,,,,,,,,,,,,,,,,,,,,,,,,,,,,,,,,,,,,,,,,,,,,,,,,,,,,,,,,,,,,,,,,,,,,,,,,,,,,,,,,,,,,,,,,,,,,,,,,,,,,,,,,,,,,,,,
,N18-2g-34F,220,199,219,147,124,89,46,135,74,70,95,110,103,113,106,102,95,90,,,,,,,,,,,,,,,,,,,,,,,,,,,,,,,,,,,,,,,,,,,,,,,,,,,,,,,,,,,,,,,,,,,,,,,,,,,,,,,,,,,,,,,,,,,,,,,,,,,,,,,,,,,,,,,,,,,,,,,,,,,,,,,,,,,,,,,,,,,,,,,,,,,,,,,,,,,,,,,,,,,,,,,,,,,,,,,,,,,,,,,,,,,,,,,,,,,,
,N32-2g-21F,155,137,137,130,115,87,105,98,114,128,113,122,123,126,105,102,92,97,,,,,,,,,,,,,,,,,,,,,,,,,,,,,,,,,,,,,,,,,,,,,,,,,,,,,,,,,,,,,,,,,,,,,,,,,,,,,,,,,,,,,,,,,,,,,,,,,,,,,,,,,,,,,,,,,,,,,,,,,,,,,,,,,,,,,,,,,,,,,,,,,,,,,,,,,,,,,,,,,,,,,,,,,,,,,,,,,,,,,,,,,,,,,,,,,,,,
,N64-2g-4F,20,144,132,158,89,107,151,132,145,135,126,94,129,102,97,94,,,,,,,,,,,,,,,,,,,,,,,,,,,,,,,,,,,,,,,,,,,,,,,,,,,,,,,,,,,,,,,,,,,,,,,,,,,,,,,,,,,,,,,,,,,,,,,,,,,,,,,,,,,,,,,,,,,,,,,,,,,,,,,,,,,,,,,,,,,,,,,,,,,,,,,,,,,,,,,,,,,,,,,,,,,,,,,,,,,,,,,,,,,,,,,,,,,,,,
,,,,,,,,,,,,,,,,,,,,,,,,,,,,,,,,,,,,,,,,,,,,,,,,,,,,,,,,,,,,,,,,,,,,,,,,,,,,,,,,,,,,,,,,,,,,,,,,,,,,,,,,,,,,,,,,,,,,,,,,,,,,,,,,,,,,,,,,,,,,,,,,,,,,,,,,,,,,,,,,,,,,,,,,,,,,,,,,,,,,,,,,,,,,,,,,,,,,,,,,,,,,,,,,,,,,,,,
,Ave,140,148,131.8333333,120,122.5,89,100.1666667,111.8333333,106,107.1666667,112.6666667,116,116.1666667,118,107.2,101.6,98.25,97.25,104,102,107,95,92,,,,,,,,,,,,,,,,,,,,,,,,,,,,,,,,,,,,,,,,,,,,,,,,,,,,,,,,,,,,,,,,,,,,,,,,,,,,,,,,,,,,,,,,,,,,,,,,,,,,,,,,,,,,,,,,,,,,,,,,,,,,,,,,,,,,,,,,,,,,,,,,,,,,,,,,,,,,,,,,,,,,,,,,,,,,,,,,,,,,,,,,,,,,,,,
,Sem,31.08483017,21.58394465,20.69044331,14.02378931,13.36600165,5.234500931,18.08943829,11.19647762,12.97433364,13.20206213,5.194013648,7.899367063,5.430878791,4.65832588,4.270831301,2.227105745,5.297405025,3.06526236,#DIV/0!,#DIV/0!,#DIV/0!,#DIV/0!,#DIV/0!,,,,,,,,,,,,,,,,,,,,,,,,,,,,,,,,,,,,,,,,,,,,,,,,,,,,,,,,,,,,,,,,,,,,,,,,,,,,,,,,,,,,,,,,,,,,,,,,,,,,,,,,,,,,,,,,,,,,,,,,,,,,,,,,,,,,,,,,,,,,,,,,,,,,,,,,,,,,,,,,,,,,,,,,,,,,,,,,,,,,,,,,,,,,,,,
,,,,,,,,,,,,,,,,,,,,,,,,,,,,,,,,,,,,,,,,,,,,,,,,,,,,,,,,,,,,,,,,,,,,,,,,,,,,,,,,,,,,,,,,,,,,,,,,,,,,,,,,,,,,,,,,,,,,,,,,,,,,,,,,,,,,,,,,,,,,,,,,,,,,,,,,,,,,,,,,,,,,,,,,,,,,,,,,,,,,,,,,,,,,,,,,,,,,,,,,,,,,,,,,,,,,,,,
,,,,,,,,,,,,,,,,,,,,,,,,,,,,,,,,,,,,,,,,,,,,,,,,,,,,,,,,,,,,,,,,,,,,,,,,,,,,,,,,,,,,,,,,,,,,,,,,,,,,,,,,,,,,,,,,,,,,,,,,,,,,,,,,,,,,,,,,,,,,,,,,,,,,,,,,,,,,,,,,,,,,,,,,,,,,,,,,,,,,,,,,,,,,,,,,,,,,,,,,,,,,,,,,,,,,,,,
,Ｎ13-2g-36F,149,93,43,99,104,16,12,46,44,87,119,145,119,123,99,116,109,117,109,76,126,95,100,94,55,44,37,51,51,74,74,75,66,83,56,49,87,110,112,88,97,92,96,,,,,,,,,,,,,,,,,,,,,,,,,,,,,,,,,,,,,,,,,,,,,,,,,,,,,,,,,,,,,,,,,,,,,,,,,,,,,,,,,,,,,,,,,,,,,,,,,,,,,,,,,,,,,,,,,,,,,,,,,,,,,,,,,,,,,,,,,,,,,,,,,,,,,,,,,,,,,,,,,,,,,,,,,,,
,N10-2g-42F,137,117,132,127,111,85,171,149,136,146,138,119,107,111,109,120,100,105,95,90,,,,,,,,,,,,,,,,,,,,,,,,,,,,,,,,,,,,,,,,,,,,,,,,,,,,,,,,,,,,,,,,,,,,,,,,,,,,,,,,,,,,,,,,,,,,,,,,,,,,,,,,,,,,,,,,,,,,,,,,,,,,,,,,,,,,,,,,,,,,,,,,,,,,,,,,,,,,,,,,,,,,,,,,,,,,,,,,,,,,,,,,,,,,,,,,,,
,N10-2g-43F,80,180,143,133,108,88,86,148,144,146,130,166,162,140,131,129,112,117,113,148,126,110,107,112,105,104,110,99,100,,,,,,,,,,,,,,,,,,,,,,,,,,,,,,,,,,,,,,,,,,,,,,,,,,,,,,,,,,,,,,,,,,,,,,,,,,,,,,,,,,,,,,,,,,,,,,,,,,,,,,,,,,,,,,,,,,,,,,,,,,,,,,,,,,,,,,,,,,,,,,,,,,,,,,,,,,,,,,,,,,,,,,,,,,,,,,,,,,,,,,,,,
,N40-2g-21F,15,160,157,122,,94,121,96,120,120,128,131,114,112,120,113,103,107,102,106,102,97,100,,,,,,,,,,,,,,,,,,,,,,,,,,,,,,,,,,,,,,,,,,,,,,,,,,,,,,,,,,,,,,,,,,,,,,,,,,,,,,,,,,,,,,,,,,,,,,,,,,,,,,,,,,,,,,,,,,,,,,,,,,,,,,,,,,,,,,,,,,,,,,,,,,,,,,,,,,,,,,,,,,,,,,,,,,,,,,,,,,,,,,,,,,,,,,,
,N40-2g-22F,308,159,135,139,128,103,112,127,78,26,113,126,141,108,77,74,118,124,107,116,108,117,110,111,150,108,98,92,,,,,,,,,,,,,,,,,,,,,,,,,,,,,,,,,,,,,,,,,,,,,,,,,,,,,,,,,,,,,,,,,,,,,,,,,,,,,,,,,,,,,,,,,,,,,,,,,,,,,,,,,,,,,,,,,,,,,,,,,,,,,,,,,,,,,,,,,,,,,,,,,,,,,,,,,,,,,,,,,,,,,,,,,,,,,,,,,,,,,,,,,,
,N40-2g-56F,129,123,133,101,104,105,148,152,157,124,145,123,129,107,124,108,107,106,110,126,117,102,104,113,91,95,,,,,,,,,,,,,,,,,,,,,,,,,,,,,,,,,,,,,,,,,,,,,,,,,,,,,,,,,,,,,,,,,,,,,,,,,,,,,,,,,,,,,,,,,,,,,,,,,,,,,,,,,,,,,,,,,,,,,,,,,,,,,,,,,,,,,,,,,,,,,,,,,,,,,,,,,,,,,,,,,,,,,,,,,,,,,,,,,,,,,,,,,,,,
,,,,,,,,,,,,,,,,,,,,,,,,,,,,,,,,,,,,,,,,,,,,,,,,,,,,,,,,,,,,,,,,,,,,,,,,,,,,,,,,,,,,,,,,,,,,,,,,,,,,,,,,,,,,,,,,,,,,,,,,,,,,,,,,,,,,,,,,,,,,,,,,,,,,,,,,,,,,,,,,,,,,,,,,,,,,,,,,,,,,,,,,,,,,,,,,,,,,,,,,,,,,,,,,,,,,,,,
,Ave,136.3333333,138.6666667,123.8333333,120.1666667,111,81.83333333,107.5,119.6666667,113.1666667,108.1666667,128.8333333,135,128.6666667,116.8333333,110,110,108.1666667,112.6666667,106,110.3333333,115.8,104.2,104.2,107.5,100.25,87.75,81.66666667,80.66666667,87,,,,,,,,,,,,,,,,,,,,,,,,,,,,,,,,,,,,,,,,,,,,,,,,,,,,,,,,,,,,,,,,,,,,,,,,,,,,,,,,,,,,,,,,,,,,,,,,,,,,,,,,,,,,,,,,,,,,,,,,,,,,,,,,,,,,,,,,,,,,,,,,,,,,,,,,,,,,,,,,,,,,,,,,,,,,,,,,,,,,,,,,,
,Sem,39.8243365,13.38822036,16.61007057,6.79419687,4.449719092,13.55831028,23.40761984,17.07760066,17.75840959,18.66622023,4.812599205,7.206478567,8.248905651,5.185985388,8.058122196,7.758865897,2.625727412,3.169297153,2.658320272,10.49973545,4.8,4.115823125,1.959591794,4.518480571,19.64423155,14.8345037,22.60039331,14.97034105,13,,,,,,,,,,,,,,,,,,,,,,,,,,,,,,,,,,,,,,,,,,,,,,,,,,,,,,,,,,,,,,,,,,,,,,,,,,,,,,,,,,,,,,,,,,,,,,,,,,,,,,,,,,,,,,,,,,,,,,,,,,,,,,,,,,,,,,,,,,,,,,,,,,,,,,,,,,,,,,,,,,,,,,,,,,,,,,,,,,,,,,,,,
,,,,,,,,,,,,,,,,,,,,,,,,,,,,,,,,,,,,,,,,,,,,,,,,,,,,,,,,,,,,,,,,,,,,,,,,,,,,,,,,,,,,,,,,,,,,,,,,,,,,,,,,,,,,,,,,,,,,,,,,,,,,,,,,,,,,,,,,,,,,,,,,,,,,,,,,,,,,,,,,,,,,,,,,,,,,,,,,,,,,,,,,,,,,,,,,,,,,,,,,,,,,,,,,,,,,,,,
,,,,,,,,,,,,,,,,,,,,,,,,,,,,,,,,,,,,,,,,,,,,,,,,,,,,,,,,,,,,,,,,,,,,,,,,,,,,,,,,,,,,,,,,,,,,,,,,,,,,,,,,,,,,,,,,,,,,,,,,,,,,,,,,,,,,,,,,,,,,,,,,,,,,,,,,,,,,,,,,,,,,,,,,,,,,,,,,,,,,,,,,,,,,,,,,,,,,,,,,,,,,,,,,,,,,,,,
Correct,N18-2g-25F,80,80,31,27,80,80,80,80,80,80,80,80,80,,,,,,,,,,,,,,,,,,,,,,,,,,,,,,,,,,,,,,,,,,,,,,,,,,,,,,,,,,,,,,,,,,,,,,,,,,,,,,,,,,,,,,,,,,,,,,,,,,,,,,,,,,,,,,,,,,,,,,,,,,,,,,,,,,,,,,,,,,,,,,,,,,,,,,,,,,,,,,,,,,,,,,,,,,,,,,,,,,,,,,,,,,,,,,,,,,,,,,,,,
,N32-2g-15F,61,80,80,80,80,80,35,43,68,76,57,80,80,80,80,80,80,80,,,,,,,,,,,,,,,,,,,,,,,,,,,,,,,,,,,,,,,,,,,,,,,,,,,,,,,,,,,,,,,,,,,,,,,,,,,,,,,,,,,,,,,,,,,,,,,,,,,,,,,,,,,,,,,,,,,,,,,,,,,,,,,,,,,,,,,,,,,,,,,,,,,,,,,,,,,,,,,,,,,,,,,,,,,,,,,,,,,,,,,,,,,,,,,,,,,,
,N32-2g-17F,31,25,48,38,80,53,31,32,35,33,80,80,80,80,80,80,80,80,80,80,80,80,80,,,,,,,,,,,,,,,,,,,,,,,,,,,,,,,,,,,,,,,,,,,,,,,,,,,,,,,,,,,,,,,,,,,,,,,,,,,,,,,,,,,,,,,,,,,,,,,,,,,,,,,,,,,,,,,,,,,,,,,,,,,,,,,,,,,,,,,,,,,,,,,,,,,,,,,,,,,,,,,,,,,,,,,,,,,,,,,,,,,,,,,,,,,,,,,
,N18-2g-34F,92,80,80,80,80,80,17,72,44,31,44,80,80,80,80,80,80,80,,,,,,,,,,,,,,,,,,,,,,,,,,,,,,,,,,,,,,,,,,,,,,,,,,,,,,,,,,,,,,,,,,,,,,,,,,,,,,,,,,,,,,,,,,,,,,,,,,,,,,,,,,,,,,,,,,,,,,,,,,,,,,,,,,,,,,,,,,,,,,,,,,,,,,,,,,,,,,,,,,,,,,,,,,,,,,,,,,,,,,,,,,,,,,,,,,,,
,N32-2g-21F,61,80,80,80,80,80,35,43,68,76,57,80,80,80,80,80,80,80,,,,,,,,,,,,,,,,,,,,,,,,,,,,,,,,,,,,,,,,,,,,,,,,,,,,,,,,,,,,,,,,,,,,,,,,,,,,,,,,,,,,,,,,,,,,,,,,,,,,,,,,,,,,,,,,,,,,,,,,,,,,,,,,,,,,,,,,,,,,,,,,,,,,,,,,,,,,,,,,,,,,,,,,,,,,,,,,,,,,,,,,,,,,,,,,,,,,
,N64-2g-4F,10,80,80,77,49,80,80,80,80,80,80,2,80,80,80,80,,,,,,,,,,,,,,,,,,,,,,,,,,,,,,,,,,,,,,,,,,,,,,,,,,,,,,,,,,,,,,,,,,,,,,,,,,,,,,,,,,,,,,,,,,,,,,,,,,,,,,,,,,,,,,,,,,,,,,,,,,,,,,,,,,,,,,,,,,,,,,,,,,,,,,,,,,,,,,,,,,,,,,,,,,,,,,,,,,,,,,,,,,,,,,,,,,,,,,
,,,,,,,,,,,,,,,,,,,,,,,,,,,,,,,,,,,,,,,,,,,,,,,,,,,,,,,,,,,,,,,,,,,,,,,,,,,,,,,,,,,,,,,,,,,,,,,,,,,,,,,,,,,,,,,,,,,,,,,,,,,,,,,,,,,,,,,,,,,,,,,,,,,,,,,,,,,,,,,,,,,,,,,,,,,,,,,,,,,,,,,,,,,,,,,,,,,,,,,,,,,,,,,,,,,,,,,
,Ave,55.83333333,70.83333333,66.5,63.66666667,74.83333333,75.5,46.33333333,58.33333333,62.5,62.66666667,66.33333333,67,80,80,80,80,80,80,,,,,,,,,,,,,,,,,,,,,,,,,,,,,,,,,,,,,,,,,,,,,,,,,,,,,,,,,,,,,,,,,,,,,,,,,,,,,,,,,,,,,,,,,,,,,,,,,,,,,,,,,,,,,,,,,,,,,,,,,,,,,,,,,,,,,,,,,,,,,,,,,,,,,,,,,,,,,,,,,,,,,,,,,,,,,,,,,,,,,,,,,,,,,,,,,,,,
,Sem,12.46706773,9.166666667,8.815705682,9.968840343,5.166666667,4.5,10.98382649,8.735623109,7.684399781,9.728537631,6.411794687,13,0,0,0,0,0,0,,,,,,,,,,,,,,,,,,,,,,,,,,,,,,,,,,,,,,,,,,,,,,,,,,,,,,,,,,,,,,,,,,,,,,,,,,,,,,,,,,,,,,,,,,,,,,,,,,,,,,,,,,,,,,,,,,,,,,,,,,,,,,,,,,,,,,,,,,,,,,,,,,,,,,,,,,,,,,,,,,,,,,,,,,,,,,,,,,,,,,,,,,,,,,,,,,,,
,,,,,,,,,,,,,,,,,,,,,,,,,,,,,,,,,,,,,,,,,,,,,,,,,,,,,,,,,,,,,,,,,,,,,,,,,,,,,,,,,,,,,,,,,,,,,,,,,,,,,,,,,,,,,,,,,,,,,,,,,,,,,,,,,,,,,,,,,,,,,,,,,,,,,,,,,,,,,,,,,,,,,,,,,,,,,,,,,,,,,,,,,,,,,,,,,,,,,,,,,,,,,,,,,,,,,,,
,,,,,,,,,,,,,,,,,,,,,,,,,,,,,,,,,,,,,,,,,,,,,,,,,,,,,,,,,,,,,,,,,,,,,,,,,,,,,,,,,,,,,,,,,,,,,,,,,,,,,,,,,,,,,,,,,,,,,,,,,,,,,,,,,,,,,,,,,,,,,,,,,,,,,,,,,,,,,,,,,,,,,,,,,,,,,,,,,,,,,,,,,,,,,,,,,,,,,,,,,,,,,,,,,,,,,,,
,Ｎ13-2g-36F,54,35,14,49,32,11,5,21,19,39,66,80,80,80,80,80,80,80,80,40,80,80,71,60,32,23,19,32,32,39,49,48,38,46,26,25,51,66,60,65,73,80,80,,,,,,,,,,,,,,,,,,,,,,,,,,,,,,,,,,,,,,,,,,,,,,,,,,,,,,,,,,,,,,,,,,,,,,,,,,,,,,,,,,,,,,,,,,,,,,,,,,,,,,,,,,,,,,,,,,,,,,,,,,,,,,,,,,,,,,,,,,,,,,,,,,,,,,,,,,,,,,,,,,,,,,,,,,,
,N10-2g-42F,80,80,80,80,80,80,80,80,80,80,80,80,80,80,80,80,80,80,80,80,,,,,,,,,,,,,,,,,,,,,,,,,,,,,,,,,,,,,,,,,,,,,,,,,,,,,,,,,,,,,,,,,,,,,,,,,,,,,,,,,,,,,,,,,,,,,,,,,,,,,,,,,,,,,,,,,,,,,,,,,,,,,,,,,,,,,,,,,,,,,,,,,,,,,,,,,,,,,,,,,,,,,,,,,,,,,,,,,,,,,,,,,,,,,,,,,,
,N10-2g-43F,43,80,80,80,80,80,23,71,80,80,80,79,80,80,80,80,80,80,80,80,80,80,80,80,80,80,80,80,80,,,,,,,,,,,,,,,,,,,,,,,,,,,,,,,,,,,,,,,,,,,,,,,,,,,,,,,,,,,,,,,,,,,,,,,,,,,,,,,,,,,,,,,,,,,,,,,,,,,,,,,,,,,,,,,,,,,,,,,,,,,,,,,,,,,,,,,,,,,,,,,,,,,,,,,,,,,,,,,,,,,,,,,,,,,,,,,,,,,,,,,,,
,N40-2g-21F,11,80,80,80,,80,52,58,74,80,80,80,80,80,80,80,80,80,80,80,80,80,80,,,,,,,,,,,,,,,,,,,,,,,,,,,,,,,,,,,,,,,,,,,,,,,,,,,,,,,,,,,,,,,,,,,,,,,,,,,,,,,,,,,,,,,,,,,,,,,,,,,,,,,,,,,,,,,,,,,,,,,,,,,,,,,,,,,,,,,,,,,,,,,,,,,,,,,,,,,,,,,,,,,,,,,,,,,,,,,,,,,,,,,,,,,,,,,
,N40-2g-22F,134,80,80,80,80,80,46,50,33,16,64,60,80,0,34,40,65,80,62,73,80,80,80,80,0,80,80,80,,,,,,,,,,,,,,,,,,,,,,,,,,,,,,,,,,,,,,,,,,,,,,,,,,,,,,,,,,,,,,,,,,,,,,,,,,,,,,,,,,,,,,,,,,,,,,,,,,,,,,,,,,,,,,,,,,,,,,,,,,,,,,,,,,,,,,,,,,,,,,,,,,,,,,,,,,,,,,,,,,,,,,,,,,,,,,,,,,,,,,,,,,
,N40-2g-56F,80,80,80,80,80,80,80,80,80,80,80,80,80,80,80,80,80,80,80,80,80,80,80,80,80,80,,,,,,,,,,,,,,,,,,,,,,,,,,,,,,,,,,,,,,,,,,,,,,,,,,,,,,,,,,,,,,,,,,,,,,,,,,,,,,,,,,,,,,,,,,,,,,,,,,,,,,,,,,,,,,,,,,,,,,,,,,,,,,,,,,,,,,,,,,,,,,,,,,,,,,,,,,,,,,,,,,,,,,,,,,,,,,,,,,,,,,,,,,,,
,,,,,,,,,,,,,,,,,,,,,,,,,,,,,,,,,,,,,,,,,,,,,,,,,,,,,,,,,,,,,,,,,,,,,,,,,,,,,,,,,,,,,,,,,,,,,,,,,,,,,,,,,,,,,,,,,,,,,,,,,,,,,,,,,,,,,,,,,,,,,,,,,,,,,,,,,,,,,,,,,,,,,,,,,,,,,,,,,,,,,,,,,,,,,,,,,,,,,,,,,,,,,,,,,,,,,,,
,Ave,67,72.5,69,74.83333333,70.4,68.5,47.66666667,60,61,62.5,75,76.5,80,66.66666667,72.33333333,73.33333333,77.5,80,77,72.16666667,80,80,78.2,75,48,65.75,59.66666667,64,56,,,,,,,,,,,,,,,,,,,,,,,,,,,,,,,,,,,,,,,,,,,,,,,,,,,,,,,,,,,,,,,,,,,,,,,,,,,,,,,,,,,,,,,,,,,,,,,,,,,,,,,,,,,,,,,,,,,,,,,,,,,,,,,,,,,,,,,,,,,,,,,,,,,,,,,,,,,,,,,,,,,,,,,,,,,,,,,,,,,,,,,,,
,Sem,17.03721417,7.5,11,5.166666667,9.6,11.5,12.30356768,9.212310604,11.25462868,11.45934844,3.172801076,3.304037934,0,13.33333333,7.666666667,6.666666667,2.5,0,3,6.534098595,0,0,1.8,5,19.59591794,14.25,20.33333333,16,24,,,,,,,,,,,,,,,,,,,,,,,,,,,,,,,,,,,,,,,,,,,,,,,,,,,,,,,,,,,,,,,,,,,,,,,,,,,,,,,,,,,,,,,,,,,,,,,,,,,,,,,,,,,,,,,,,,,,,,,,,,,,,,,,,,,,,,,,,,,,,,,,,,,,,,,,,,,,,,,,,,,,,,,,,,,,,,,,,,,,,,,,,
,,,,,,,,,,,,,,,,,,,,,,,,,,,,,,,,,,,,,,,,,,,,,,,,,,,,,,,,,,,,,,,,,,,,,,,,,,,,,,,,,,,,,,,,,,,,,,,,,,,,,,,,,,,,,,,,,,,,,,,,,,,,,,,,,,,,,,,,,,,,,,,,,,,,,,,,,,,,,,,,,,,,,,,,,,,,,,,,,,,,,,,,,,,,,,,,,,,,,,,,,,,,,,,,,,,,,,,
,,,,,,,,,,,,,,,,,,,,,,,,,,,,,,,,,,,,,,,,,,,,,,,,,,,,,,,,,,,,,,,,,,,,,,,,,,,,,,,,,,,,,,,,,,,,,,,,,,,,,,,,,,,,,,,,,,,,,,,,,,,,,,,,,,,,,,,,,,,,,,,,,,,,,,,,,,,,,,,,,,,,,,,,,,,,,,,,,,,,,,,,,,,,,,,,,,,,,,,,,,,,,,,,,,,,,,,
Incorrect,N18-2g-25F,127,129,32,34,65,16,63,58,47,40,22,20,16,,,,,,,,,,,,,,,,,,,,,,,,,,,,,,,,,,,,,,,,,,,,,,,,,,,,,,,,,,,,,,,,,,,,,,,,,,,,,,,,,,,,,,,,,,,,,,,,,,,,,,,,,,,,,,,,,,,,,,,,,,,,,,,,,,,,,,,,,,,,,,,,,,,,,,,,,,,,,,,,,,,,,,,,,,,,,,,,,,,,,,,,,,,,,,,,,,,,,,,,,
,N32-2g-15F,94,57,50,35,9,7,70,55,46,52,56,42,43,46,25,22,12,17,,,,,,,,,,,,,,,,,,,,,,,,,,,,,,,,,,,,,,,,,,,,,,,,,,,,,,,,,,,,,,,,,,,,,,,,,,,,,,,,,,,,,,,,,,,,,,,,,,,,,,,,,,,,,,,,,,,,,,,,,,,,,,,,,,,,,,,,,,,,,,,,,,,,,,,,,,,,,,,,,,,,,,,,,,,,,,,,,,,,,,,,,,,,,,,,,,,,
,N32-2g-17F,52,37,62,71,93,15,20,38,27,29,47,68,43,43,43,28,34,25,24,22,27,15,12,,,,,,,,,,,,,,,,,,,,,,,,,,,,,,,,,,,,,,,,,,,,,,,,,,,,,,,,,,,,,,,,,,,,,,,,,,,,,,,,,,,,,,,,,,,,,,,,,,,,,,,,,,,,,,,,,,,,,,,,,,,,,,,,,,,,,,,,,,,,,,,,,,,,,,,,,,,,,,,,,,,,,,,,,,,,,,,,,,,,,,,,,,,,,,,
,N18-2g-34F,128,119,139,67,44,9,29,63,30,39,51,30,23,33,26,22,15,10,,,,,,,,,,,,,,,,,,,,,,,,,,,,,,,,,,,,,,,,,,,,,,,,,,,,,,,,,,,,,,,,,,,,,,,,,,,,,,,,,,,,,,,,,,,,,,,,,,,,,,,,,,,,,,,,,,,,,,,,,,,,,,,,,,,,,,,,,,,,,,,,,,,,,,,,,,,,,,,,,,,,,,,,,,,,,,,,,,,,,,,,,,,,,,,,,,,,
,N32-2g-21F,94,57,57,50,35,7,70,55,46,52,56,42,43,46,25,22,12,17,,,,,,,,,,,,,,,,,,,,,,,,,,,,,,,,,,,,,,,,,,,,,,,,,,,,,,,,,,,,,,,,,,,,,,,,,,,,,,,,,,,,,,,,,,,,,,,,,,,,,,,,,,,,,,,,,,,,,,,,,,,,,,,,,,,,,,,,,,,,,,,,,,,,,,,,,,,,,,,,,,,,,,,,,,,,,,,,,,,,,,,,,,,,,,,,,,,,
,N64-2g-4F,10,64,52,81,40,27,71,52,65,55,46,92,49,22,17,14,,,,,,,,,,,,,,,,,,,,,,,,,,,,,,,,,,,,,,,,,,,,,,,,,,,,,,,,,,,,,,,,,,,,,,,,,,,,,,,,,,,,,,,,,,,,,,,,,,,,,,,,,,,,,,,,,,,,,,,,,,,,,,,,,,,,,,,,,,,,,,,,,,,,,,,,,,,,,,,,,,,,,,,,,,,,,,,,,,,,,,,,,,,,,,,,,,,,,,
,,,,,,,,,,,,,,,,,,,,,,,,,,,,,,,,,,,,,,,,,,,,,,,,,,,,,,,,,,,,,,,,,,,,,,,,,,,,,,,,,,,,,,,,,,,,,,,,,,,,,,,,,,,,,,,,,,,,,,,,,,,,,,,,,,,,,,,,,,,,,,,,,,,,,,,,,,,,,,,,,,,,,,,,,,,,,,,,,,,,,,,,,,,,,,,,,,,,,,,,,,,,,,,,,,,,,,,
,Ave,84.16666667,77.16666667,65.33333333,56.33333333,47.66666667,13.5,53.83333333,53.5,43.5,44.5,46.33333333,49,36.16666667,38,27.2,21.6,18.25,17.25,24,22,27,15,12,,,,,,,,,,,,,,,,,,,,,,,,,,,,,,,,,,,,,,,,,,,,,,,,,,,,,,,,,,,,,,,,,,,,,,,,,,,,,,,,,,,,,,,,,,,,,,,,,,,,,,,,,,,,,,,,,,,,,,,,,,,,,,,,,,,,,,,,,,,,,,,,,,,,,,,,,,,,,,,,,,,,,,,,,,,,,,,,,,,,,,,,,,,,,,,
,Sem,18.69477051,15.31538805,15.30940161,8.023576371,11.66666667,3.138470965,9.421311539,3.45205253,5.602082946,4.137229347,5.168279318,10.81665383,5.430878791,4.65832588,4.270831301,2.227105745,5.297405025,3.06526236,#DIV/0!,#DIV/0!,#DIV/0!,#DIV/0!,#DIV/0!,,,,,,,,,,,,,,,,,,,,,,,,,,,,,,,,,,,,,,,,,,,,,,,,,,,,,,,,,,,,,,,,,,,,,,,,,,,,,,,,,,,,,,,,,,,,,,,,,,,,,,,,,,,,,,,,,,,,,,,,,,,,,,,,,,,,,,,,,,,,,,,,,,,,,,,,,,,,,,,,,,,,,,,,,,,,,,,,,,,,,,,,,,,,,,,
,,,,,,,,,,,,,,,,,,,,,,,,,,,,,,,,,,,,,,,,,,,,,,,,,,,,,,,,,,,,,,,,,,,,,,,,,,,,,,,,,,,,,,,,,,,,,,,,,,,,,,,,,,,,,,,,,,,,,,,,,,,,,,,,,,,,,,,,,,,,,,,,,,,,,,,,,,,,,,,,,,,,,,,,,,,,,,,,,,,,,,,,,,,,,,,,,,,,,,,,,,,,,,,,,,,,,,,
,,,,,,,,,,,,,,,,,,,,,,,,,,,,,,,,,,,,,,,,,,,,,,,,,,,,,,,,,,,,,,,,,,,,,,,,,,,,,,,,,,,,,,,,,,,,,,,,,,,,,,,,,,,,,,,,,,,,,,,,,,,,,,,,,,,,,,,,,,,,,,,,,,,,,,,,,,,,,,,,,,,,,,,,,,,,,,,,,,,,,,,,,,,,,,,,,,,,,,,,,,,,,,,,,,,,,,,
,Ｎ13-2g-36F,95,58,29,50,72,5,7,25,25,48,53,65,39,43,19,36,29,37,29,36,46,15,29,34,23,21,18,19,19,35,25,27,28,37,30,24,36,44,52,23,24,12,16,,,,,,,,,,,,,,,,,,,,,,,,,,,,,,,,,,,,,,,,,,,,,,,,,,,,,,,,,,,,,,,,,,,,,,,,,,,,,,,,,,,,,,,,,,,,,,,,,,,,,,,,,,,,,,,,,,,,,,,,,,,,,,,,,,,,,,,,,,,,,,,,,,,,,,,,,,,,,,,,,,,,,,,,,,,
,N10-2g-42F,57,37,52,47,31,5,91,69,56,66,58,39,27,31,29,40,20,25,15,10,,,,,,,,,,,,,,,,,,,,,,,,,,,,,,,,,,,,,,,,,,,,,,,,,,,,,,,,,,,,,,,,,,,,,,,,,,,,,,,,,,,,,,,,,,,,,,,,,,,,,,,,,,,,,,,,,,,,,,,,,,,,,,,,,,,,,,,,,,,,,,,,,,,,,,,,,,,,,,,,,,,,,,,,,,,,,,,,,,,,,,,,,,,,,,,,,,
,N10-2g-43F,37,100,63,53,28,8,63,77,64,66,50,87,82,60,51,49,32,37,33,68,46,30,27,32,25,24,30,19,20,,,,,,,,,,,,,,,,,,,,,,,,,,,,,,,,,,,,,,,,,,,,,,,,,,,,,,,,,,,,,,,,,,,,,,,,,,,,,,,,,,,,,,,,,,,,,,,,,,,,,,,,,,,,,,,,,,,,,,,,,,,,,,,,,,,,,,,,,,,,,,,,,,,,,,,,,,,,,,,,,,,,,,,,,,,,,,,,,,,,,,,,,
,N40-2g-21F,4,80,77,42,,14,69,38,46,40,48,51,34,32,40,33,23,27,22,26,22,17,20,,,,,,,,,,,,,,,,,,,,,,,,,,,,,,,,,,,,,,,,,,,,,,,,,,,,,,,,,,,,,,,,,,,,,,,,,,,,,,,,,,,,,,,,,,,,,,,,,,,,,,,,,,,,,,,,,,,,,,,,,,,,,,,,,,,,,,,,,,,,,,,,,,,,,,,,,,,,,,,,,,,,,,,,,,,,,,,,,,,,,,,,,,,,,,,
,N40-2g-22F,174,79,55,59,48,23,66,77,45,10,49,66,61,108,43,34,53,44,45,43,28,37,30,31,150,28,18,12,,,,,,,,,,,,,,,,,,,,,,,,,,,,,,,,,,,,,,,,,,,,,,,,,,,,,,,,,,,,,,,,,,,,,,,,,,,,,,,,,,,,,,,,,,,,,,,,,,,,,,,,,,,,,,,,,,,,,,,,,,,,,,,,,,,,,,,,,,,,,,,,,,,,,,,,,,,,,,,,,,,,,,,,,,,,,,,,,,,,,,,,,,
,N40-2g-56F,49,43,53,21,24,25,68,72,77,44,65,43,49,27,44,28,27,26,30,46,37,22,24,33,11,15,,,,,,,,,,,,,,,,,,,,,,,,,,,,,,,,,,,,,,,,,,,,,,,,,,,,,,,,,,,,,,,,,,,,,,,,,,,,,,,,,,,,,,,,,,,,,,,,,,,,,,,,,,,,,,,,,,,,,,,,,,,,,,,,,,,,,,,,,,,,,,,,,,,,,,,,,,,,,,,,,,,,,,,,,,,,,,,,,,,,,,,,,,,,
,,,,,,,,,,,,,,,,,,,,,,,,,,,,,,,,,,,,,,,,,,,,,,,,,,,,,,,,,,,,,,,,,,,,,,,,,,,,,,,,,,,,,,,,,,,,,,,,,,,,,,,,,,,,,,,,,,,,,,,,,,,,,,,,,,,,,,,,,,,,,,,,,,,,,,,,,,,,,,,,,,,,,,,,,,,,,,,,,,,,,,,,,,,,,,,,,,,,,,,,,,,,,,,,,,,,,,,
,Ave,69.33333333,66.16666667,54.83333333,45.33333333,40.6,13.33333333,60.66666667,59.66666667,52.16666667,45.66666667,53.83333333,58.5,48.66666667,50.16666667,37.66666667,36.66666667,30.66666667,32.66666667,29,38.16666667,35.8,24.2,26,32.5,52.25,22,22,16.66666667,19.5,,,,,,,,,,,,,,,,,,,,,,,,,,,,,,,,,,,,,,,,,,,,,,,,,,,,,,,,,,,,,,,,,,,,,,,,,,,,,,,,,,,,,,,,,,,,,,,,,,,,,,,,,,,,,,,,,,,,,,,,,,,,,,,,,,,,,,,,,,,,,,,,,,,,,,,,,,,,,,,,,,,,,,,,,,,,,,,,,,,,,,,,,
,Sem,24.1476937,9.924436732,6.420886059,5.395471352,8.852118391,3.63929175,11.48525625,9.149377635,7.300304408,8.444590642,2.676025245,7.274384281,8.248905651,12.55233489,4.74458756,2.940143609,4.793514137,3.169297153,4.155317878,8.001735923,4.8,4.115823125,1.816590212,0.645497224,32.72963744,2.738612788,4,2.333333333,0.5,,,,,,,,,,,,,,,,,,,,,,,,,,,,,,,,,,,,,,,,,,,,,,,,,,,,,,,,,,,,,,,,,,,,,,,,,,,,,,,,,,,,,,,,,,,,,,,,,,,,,,,,,,,,,,,,,,,,,,,,,,,,,,,,,,,,,,,,,,,,,,,,,,,,,,,,,,,,,,,,,,,,,,,,,,,,,,,,,,,,,,,,,
,,,,,,,,,,,,,,,,,,,,,,,,,,,,,,,,,,,,,,,,,,,,,,,,,,,,,,,,,,,,,,,,,,,,,,,,,,,,,,,,,,,,,,,,,,,,,,,,,,,,,,,,,,,,,,,,,,,,,,,,,,,,,,,,,,,,,,,,,,,,,,,,,,,,,,,,,,,,,,,,,,,,,,,,,,,,,,,,,,,,,,,,,,,,,,,,,,,,,,,,,,,,,,,,,,,,,,,
,,,,,,,,,,,,,,,,,,,,,,,,,,,,,,,,,,,,,,,,,,,,,,,,,,,,,,,,,,,,,,,,,,,,,,,,,,,,,,,,,,,,,,,,,,,,,,,,,,,,,,,,,,,,,,,,,,,,,,,,,,,,,,,,,,,,,,,,,,,,,,,,,,,,,,,,,,,,,,,,,,,,,,,,,,,,,,,,,,,,,,,,,,,,,,,,,,,,,,,,,,,,,,,,,,,,,,,
,,,,,,,,,,,,,,,,,,,,,,,,,,,,,,,,,,,,,,,,,,,,,,,,,,,,,,,,,,,,,,,,,,,,,,,,,,,,,,,,,,,,,,,,,,,,,,,,,,,,,,,,,,,,,,,,,,,,,,,,,,,,,,,,,,,,,,,,,,,,,,,,,,,,,,,,,,,,,,,,,,,,,,,,,,,,,,,,,,,,,,,,,,,,,,,,,,,,,,,,,,,,,,,,,,,,,,,
,,,,,,,,,,,,,,,,,,,,,,,,,,,,,,,,,,,,,,,,,,,,,,,,,,,,,,,,,,,,,,,,,,,,,,,,,,,,,,,,,,,,,,,,,,,,,,,,,,,,,,,,,,,,,,,,,,,,,,,,,,,,,,,,,,,,,,,,,,,,,,,,,,,,,,,,,,,,,,,,,,,,,,,,,,,,,,,,,,,,,,,,,,,,,,,,,,,,,,,,,,,,,,,,,,,,,,,
Task dur. (hr),I,J,,,,K,L,,,,,,,,,,,,,,,,,,,,,,,,,,,,,,,,,,,,,,,,,,,,,,,,,,,,,,,,,,,,,,,,,,,,,,,,,,,,,,,,,,,,,,,,,,,,,,,,,,,,,,,,,,,,,,,,,,,,,,,,,,,,,,,,,,,,,,,,,,,,,,,,,,,,,,,,,,,,,,,,,,,,,,,,,,,,,,,,,,,,,,,,,,,,,,,,,,,,,,,,,,,,,,,,
,VD1,VD2,,,,pre-acquisition,acquisition,,,,,,,,,,,,,,,,,,,,,,,,,,,,,,,,,,,,,,,,,,,,,,,,,,,,,,,,,,,,,,,,,,,,,,,,,,,,,,,,,,,,,,,,,,,,,,,,,,,,,,,,,,,,,,,,,,,,,,,,,,,,,,,,,,,,,,,,,,,,,,,,,,,,,,,,,,,,,,,,,,,,,,,,,,,,,,,,,,,,,,,,,,,,,,,,,,,,,,,,,,,,,,,,
,,day,,,,,day,,,,,,,,,,,,,,,,,,,,,,,,,,,,,,,,,,,,,,,,,,,,,,,,,,,,,,,,,,,,,,,,,,,,,,,,,,,,,,,,,,,,,,,,,,,,,,,,,,,,,,,,,,,,,,,,,,,,,,,,,,,,,,,,,,,,,,,,,,,,,,,,,,,,,,,,,,,,,,,,,,,,,,,,,,,,,,,,,,,,,,,,,,,,,,,,,,,,,,,,,,,,,,,,
ID,,1,2,3,4,,1,2,3,4,5,6,7,8,9,10,11,12,13,14,15,16,17,18,19,20,21,22,23,24,25,26,27,28,29,30,31,32,33,34,35,36,37,,,,,,,,,,,,,,,,,,,,,,,,,,,,,,,,,,,,,,,,,,,,,,,,,,,,,,,,,,,,,,,,,,,,,,,,,,,,,,,,,,,,,,,,,,,,,,,,,,,,,,,,,,,,,,,,,,,,,,,,,,,,,,,,,,,,,,,,,,,,,,,,,,,,,,,,,,,,,,,,,,,,,,,,,,,,
N18-2g-25F,1.316666667,1.275833333,9.957222222,9.843888889,1.004444444,2.617222222,3.218341667,3.844547222,4.209713889,4.004011111,3.489505556,2.235358056,2.561423611,,,,,,,,,,,,,,,,,,,,,,,,,,,,,,,,,,,,,,,,,,,,,,,,,,,,,,,,,,,,,,,,,,,,,,,,,,,,,,,,,,,,,,,,,,,,,,,,,,,,,,,,,,,,,,,,,,,,,,,,,,,,,,,,,,,,,,,,,,,,,,,,,,,,,,,,,,,,,,,,,,,,,,,,,,,,,,,,,,,,,,,,,,,,,,,,,,,,,,,,,,
N32-2g-15F,9.683333333,4.939166667,1.609166667,0.749166667,0.715833333,1.879166667,9.660258333,9.552375,9.949802778,9.948030556,9.981905556,6.716027778,5.268722222,4.124994444,2.130968889,1.767079722,1.598304722,1.714623889,,,,,,,,,,,,,,,,,,,,,,,,,,,,,,,,,,,,,,,,,,,,,,,,,,,,,,,,,,,,,,,,,,,,,,,,,,,,,,,,,,,,,,,,,,,,,,,,,,,,,,,,,,,,,,,,,,,,,,,,,,,,,,,,,,,,,,,,,,,,,,,,,,,,,,,,,,,,,,,,,,,,,,,,,,,,,,,,,,,,,,,,,,,,,,,,,,,,,
N32-2g-17F,9.933333333,9.678888889,9.6575,9.871111111,6.820833333,9.997777778,9.933659722,9.494746389,9.7443175,9.927888333,9.907991944,4.9267275,3.767671111,2.531998611,2.501803889,2.296671111,1.805860556,1.895301944,1.688625,1.515882222,1.516175,1.712452778,1.403309444,,,,,,,,,,,,,,,,,,,,,,,,,,,,,,,,,,,,,,,,,,,,,,,,,,,,,,,,,,,,,,,,,,,,,,,,,,,,,,,,,,,,,,,,,,,,,,,,,,,,,,,,,,,,,,,,,,,,,,,,,,,,,,,,,,,,,,,,,,,,,,,,,,,,,,,,,,,,,,,,,,,,,,,,,,,,,,,,,,,,,,,,,,,,,,,,
N18-2g-34F,9.9,4.773611111,6.608333333,1.46,0.956666667,5.486944444,9.492497222,9.968525,9.908033333,9.879063889,9.931911111,6.211627778,3.01285,2.605706944,2.344345278,2.072853611,1.869404722,1.710947222,,,,,,,,,,,,,,,,,,,,,,,,,,,,,,,,,,,,,,,,,,,,,,,,,,,,,,,,,,,,,,,,,,,,,,,,,,,,,,,,,,,,,,,,,,,,,,,,,,,,,,,,,,,,,,,,,,,,,,,,,,,,,,,,,,,,,,,,,,,,,,,,,,,,,,,,,,,,,,,,,,,,,,,,,,,,,,,,,,,,,,,,,,,,,,,,,,,,,
N32-2g-21F,9.683333333,4.939166667,1.609166667,0.749166667,0.715833333,1.879166667,9.660258333,9.552375,9.949802778,9.948030556,9.981905556,6.716027778,5.268722222,4.124994444,2.130968889,1.767079722,1.598304722,1.714623889,,,,,,,,,,,,,,,,,,,,,,,,,,,,,,,,,,,,,,,,,,,,,,,,,,,,,,,,,,,,,,,,,,,,,,,,,,,,,,,,,,,,,,,,,,,,,,,,,,,,,,,,,,,,,,,,,,,,,,,,,,,,,,,,,,,,,,,,,,,,,,,,,,,,,,,,,,,,,,,,,,,,,,,,,,,,,,,,,,,,,,,,,,,,,,,,,,,,,
N64-2g-4F,5.983333333,4.602222222,5.015555556,5.280555556,5.956666667,2.220555556,5.682077778,2.397598611,2.693198889,2.264616111,3.094552778,5.970005556,2.144275556,1.665180556,1.531586944,1.471075556,,,,,,,,,,,,,,,,,,,,,,,,,,,,,,,,,,,,,,,,,,,,,,,,,,,,,,,,,,,,,,,,,,,,,,,,,,,,,,,,,,,,,,,,,,,,,,,,,,,,,,,,,,,,,,,,,,,,,,,,,,,,,,,,,,,,,,,,,,,,,,,,,,,,,,,,,,,,,,,,,,,,,,,,,,,,,,,,,,,,,,,,,,,,,,,,,,,,,,,
,,,,,,,,,,,,,,,,,,,,,,,,,,,,,,,,,,,,,,,,,,,,,,,,,,,,,,,,,,,,,,,,,,,,,,,,,,,,,,,,,,,,,,,,,,,,,,,,,,,,,,,,,,,,,,,,,,,,,,,,,,,,,,,,,,,,,,,,,,,,,,,,,,,,,,,,,,,,,,,,,,,,,,,,,,,,,,,,,,,,,,,,,,,,,,,,,,,,,,,,,,,,,,,,,,,,,,,
Ave,7.75,5.034814815,5.742824074,4.658981481,2.695046296,4.013472222,7.941182176,7.468361204,7.742478194,7.661940093,7.731295417,5.462629074,3.670610787,3.411732407,3.437808611,2.738271065,2.372609259,2.46155088,,,,,,,,,,,,,,,,,,,,,,,,,,,,,,,,,,,,,,,,,,,,,,,,,,,,,,,,,,,,,,,,,,,,,,,,,,,,,,,,,,,,,,,,,,,,,,,,,,,,,,,,,,,,,,,,,,,,,,,,,,,,,,,,,,,,,,,,,,,,,,,,,,,,,,,,,,,,,,,,,,,,,,,,,,,,,,,,,,,,,,,,,,,,,,,,,,,,,
Sem,1.430313356,1.095004211,1.51149057,1.781784693,1.174378593,1.319818397,1.150300917,1.389099756,1.371339958,1.449300166,1.404793849,0.699116473,0.551059153,0.563167207,1.316755413,0.871072102,0.713763631,0.659740937,,,,,,,,,,,,,,,,,,,,,,,,,,,,,,,,,,,,,,,,,,,,,,,,,,,,,,,,,,,,,,,,,,,,,,,,,,,,,,,,,,,,,,,,,,,,,,,,,,,,,,,,,,,,,,,,,,,,,,,,,,,,,,,,,,,,,,,,,,,,,,,,,,,,,,,,,,,,,,,,,,,,,,,,,,,,,,,,,,,,,,,,,,,,,,,,,,,,,
,,,,,,,,,,,,,,,,,,,,,,,,,,,,,,,,,,,,,,,,,,,,,,,,,,,,,,,,,,,,,,,,,,,,,,,,,,,,,,,,,,,,,,,,,,,,,,,,,,,,,,,,,,,,,,,,,,,,,,,,,,,,,,,,,,,,,,,,,,,,,,,,,,,,,,,,,,,,,,,,,,,,,,,,,,,,,,,,,,,,,,,,,,,,,,,,,,,,,,,,,,,,,,,,,,,,,,,
,,,,,,,,,,,,,,,,,,,,,,,,,,,,,,,,,,,,,,,,,,,,,,,,,,,,,,,,,,,,,,,,,,,,,,,,,,,,,,,,,,,,,,,,,,,,,,,,,,,,,,,,,,,,,,,,,,,,,,,,,,,,,,,,,,,,,,,,,,,,,,,,,,,,,,,,,,,,,,,,,,,,,,,,,,,,,,,,,,,,,,,,,,,,,,,,,,,,,,,,,,,,,,,,,,,,,,,
Ｎ13-2g-36F,5.883333333,5.353888889,5.933333333,5.162222222,5.957222222,5.999166667,4.053888889,5.544002778,5.973347222,5.985311111,5.763213889,5.605425,4.247008333,4.920541667,3.027275,3.906941667,2.505038611,2.690045833,3.529355556,5.876161111,5.237480556,2.4677775,5.968108333,5.985830556,5.650722222,5.9862,5.984841667,5.903747222,5.761430556,4.369011111,4.662783333,4.782772222,5.883525,5.903888889,5.873244444,5.895894444,5.905416667,5.966938889,5.983966944,5.968444444,4.734971944,1.6909275,1.40095,,,,,,,,,,,,,,,,,,,,,,,,,,,,,,,,,,,,,,,,,,,,,,,,,,,,,,,,,,,,,,,,,,,,,,,,,,,,,,,,,,,,,,,,,,,,,,,,,,,,,,,,,,,,,,,,,,,,,,,,,,,,,,,,,,,,,,,,,,,,,,,,,,,,,,,,,,,,,,,,,,,,,,,,,,,,
N10-2g-42F,7.15,3.015833333,2.416944444,0.903055556,0.6675,1.559444444,4.120091667,5.326138889,7.525661111,6.918675,5.403175,4.884788889,2.843569444,2.013561944,1.909028056,2.086481944,1.810981667,1.669923611,1.397329167,1.300546389,,,,,,,,,,,,,,,,,,,,,,,,,,,,,,,,,,,,,,,,,,,,,,,,,,,,,,,,,,,,,,,,,,,,,,,,,,,,,,,,,,,,,,,,,,,,,,,,,,,,,,,,,,,,,,,,,,,,,,,,,,,,,,,,,,,,,,,,,,,,,,,,,,,,,,,,,,,,,,,,,,,,,,,,,,,,,,,,,,,,,,,,,,,,,,,,,,,
N10-2g-43F,9.933333333,5.574722222,3.677777778,2.275277778,1.172777778,2.2775,9.904694444,9.988316667,6.951680556,8.502755556,2.875397222,8.843961111,4.858411111,4.195997222,3.393577778,2.713843889,2.55726,6.765011111,5.092394444,9.580858333,4.460061111,2.184244722,1.899808056,1.790426944,1.637697778,1.762500833,2.059141944,1.862655278,2.421427778,,,,,,,,,,,,,,,,,,,,,,,,,,,,,,,,,,,,,,,,,,,,,,,,,,,,,,,,,,,,,,,,,,,,,,,,,,,,,,,,,,,,,,,,,,,,,,,,,,,,,,,,,,,,,,,,,,,,,,,,,,,,,,,,,,,,,,,,,,,,,,,,,,,,,,,,,,,,,,,,,,,,,,,,,,,,,,,,,,,,,,,,,,
N40-2g-21F,4.95,1.708333333,1.136111111,0.704444444,,2.352222222,9.928033333,9.907736111,9.892333333,6.416725,5.988936111,7.655225,2.890697222,2.730508056,3.245422222,2.449491944,1.710469444,1.670080556,1.6431025,1.6316,1.509117222,1.560099444,1.6668275,,,,,,,,,,,,,,,,,,,,,,,,,,,,,,,,,,,,,,,,,,,,,,,,,,,,,,,,,,,,,,,,,,,,,,,,,,,,,,,,,,,,,,,,,,,,,,,,,,,,,,,,,,,,,,,,,,,,,,,,,,,,,,,,,,,,,,,,,,,,,,,,,,,,,,,,,,,,,,,,,,,,,,,,,,,,,,,,,,,,,,,,,,,,,,,,
N40-2g-22F,9.916666667,5.4575,5.171111111,4.565555556,2.841388889,7.665277778,9.300519444,9.880338889,9.657380556,8.601338889,9.693811111,9.532602778,6.871,9.710458333,9.783580556,8.582238889,9.363825,8.471941667,8.306330556,9.9078,4.703191667,3.634316667,3.441455556,3.281577778,9.979719444,4.272769444,1.857713889,1.726739722,,,,,,,,,,,,,,,,,,,,,,,,,,,,,,,,,,,,,,,,,,,,,,,,,,,,,,,,,,,,,,,,,,,,,,,,,,,,,,,,,,,,,,,,,,,,,,,,,,,,,,,,,,,,,,,,,,,,,,,,,,,,,,,,,,,,,,,,,,,,,,,,,,,,,,,,,,,,,,,,,,,,,,,,,,,,,,,,,,,,,,,,,,,
N40-2g-56F,5.033333333,1.084444444,0.964166667,0.744722222,0.7725,1.6175,3.006291667,3.362002778,3.800586111,2.299394167,2.6756075,2.2999,2.561838611,2.245557778,2.311,2.043668056,2.038426944,2.280439722,3.077813889,3.954591667,3.294838889,2.110253056,3.666508333,2.527269444,2.283056389,1.952764167,,,,,,,,,,,,,,,,,,,,,,,,,,,,,,,,,,,,,,,,,,,,,,,,,,,,,,,,,,,,,,,,,,,,,,,,,,,,,,,,,,,,,,,,,,,,,,,,,,,,,,,,,,,,,,,,,,,,,,,,,,,,,,,,,,,,,,,,,,,,,,,,,,,,,,,,,,,,,,,,,,,,,,,,,,,,,,,,,,,,,,,,,,,,,
,,,,,,,,,,,,,,,,,,,,,,,,,,,,,,,,,,,,,,,,,,,,,,,,,,,,,,,,,,,,,,,,,,,,,,,,,,,,,,,,,,,,,,,,,,,,,,,,,,,,,,,,,,,,,,,,,,,,,,,,,,,,,,,,,,,,,,,,,,,,,,,,,,,,,,,,,,,,,,,,,,,,,,,,,,,,,,,,,,,,,,,,,,,,,,,,,,,,,,,,,,,,,,,,,,,,,,,
Ave,7.144444444,3.69912037,3.216574074,2.392546296,2.282277778,3.578518519,6.718919907,7.334756019,7.300164815,6.454033287,5.400023472,6.47031713,4.045420787,4.302770833,3.944980602,3.630444398,3.331000278,3.92457375,,,,,,,,,,,,,,,,,,,,,,,,,,,,,,,,,,,,,,,,,,,,,,,,,,,,,,,,,,,,,,,,,,,,,,,,,,,,,,,,,,,,,,,,,,,,,,,,,,,,,,,,,,,,,,,,,,,,,,,,,,,,,,,,,,,,,,,,,,,,,,,,,,,,,,,,,,,,,,,,,,,,,,,,,,,,,,,,,,,,,,,,,,,,,,,,,,,,,
Sem,0.936766174,0.828948822,0.845670889,0.820374317,0.998392417,1.059557207,1.350951906,1.19952367,0.939070277,0.939967993,1.04421466,1.11160699,0.674891051,1.177295469,1.190796027,1.028481143,1.214951075,1.19916724,,,,,,,,,,,,,,,,,,,,,,,,,,,,,,,,,,,,,,,,,,,,,,,,,,,,,,,,,,,,,,,,,,,,,,,,,,,,,,,,,,,,,,,,,,,,,,,,,,,,,,,,,,,,,,,,,,,,,,,,,,,,,,,,,,,,,,,,,,,,,,,,,,,,,,,,,,,,,,,,,,,,,,,,,,,,,,,,,,,,,,,,,,,,,,,,,,,,,
,,,,,,,,,,,,,,,,,,,,,,,,,,,,,,,,,,,,,,,,,,,,,,,,,,,,,,,,,,,,,,,,,,,,,,,,,,,,,,,,,,,,,,,,,,,,,,,,,,,,,,,,,,,,,,,,,,,,,,,,,,,,,,,,,,,,,,,,,,,,,,,,,,,,,,,,,,,,,,,,,,,,,,,,,,,,,,,,,,,,,,,,,,,,,,,,,,,,,,,,,,,,,,,,,,,,,,,
,,,,,,,,,,,,,,,,,,,,,,,,,,,,,,,,,,,,,,,,,,,,,,,,,,,,,,,,,,,,,,,,,,,,,,,,,,,,,,,,,,,,,,,,,,,,,,,,,,,,,,,,,,,,,,,,,,,,,,,,,,,,,,,,,,,,,,,,,,,,,,,,,,,,,,,,,,,,,,,,,,,,,,,,,,,,,,,,,,,,,,,,,,,,,,,,,,,,,,,,,,,,,,,,,,,,,,,
,,,,,,,,,,,,,,,,,,,,,,,,,,,,,,,,,,,,,,,,,,,,,,,,,,,,,,,,,,,,,,,,,,,,,,,,,,,,,,,,,,,,,,,,,,,,,,,,,,,,,,,,,,,,,,,,,,,,,,,,,,,,,,,,,,,,,,,,,,,,,,,,,,,,,,,,,,,,,,,,,,,,,,,,,,,,,,,,,,,,,,,,,,,,,,,,,,,,,,,,,,,,,,,,,,,,,,,
,,,,,,,,,,,,,,,,,,,,,,,,,,,,,,,,,,,,,,,,,,,,,,,,,,,,,,,,,,,,,,,,,,,,,,,,,,,,,,,,,,,,,,,,,,,,,,,,,,,,,,,,,,,,,,,,,,,,,,,,,,,,,,,,,,,,,,,,,,,,,,,,,,,,,,,,,,,,,,,,,,,,,,,,,,,,,,,,,,,,,,,,,,,,,,,,,,,,,,,,,,,,,,,,,,,,,,,
Time/trial (min),M,N,,,,O,P,,,,,,,,,,,,,,,,,,,,,,,,,,,,,,,,,,,,,,,,,,,,,,,,,,,,,,,,,,,,,,,,,,,,,,,,,,,,,,,,,,,,,,,,,,,,,,,,,,,,,,,,,,,,,,,,,,,,,,,,,,,,,,,,,,,,,,,,,,,,,,,,,,,,,,,,,,,,,,,,,,,,,,,,,,,,,,,,,,,,,,,,,,,,,,,,,,,,,,,,,,,,,,,,
,VD1,VD2,,,,pre-acquisition,acquisition,,,,,,,,,,,,,,,,,,,,,,,,,,,,,,,,,,,,,,,,,,,,,,,,,,,,,,,,,,,,,,,,,,,,,,,,,,,,,,,,,,,,,,,,,,,,,,,,,,,,,,,,,,,,,,,,,,,,,,,,,,,,,,,,,,,,,,,,,,,,,,,,,,,,,,,,,,,,,,,,,,,,,,,,,,,,,,,,,,,,,,,,,,,,,,,,,,,,,,,,,,,,,,,,
,,day,,,,,day,,,,,,,,,,,,,,,,,,,,,,,,,,,,,,,,,,,,,,,,,,,,,,,,,,,,,,,,,,,,,,,,,,,,,,,,,,,,,,,,,,,,,,,,,,,,,,,,,,,,,,,,,,,,,,,,,,,,,,,,,,,,,,,,,,,,,,,,,,,,,,,,,,,,,,,,,,,,,,,,,,,,,,,,,,,,,,,,,,,,,,,,,,,,,,,,,,,,,,,,,,,,,,,,
ID,,1,2,3,4,,1,2,3,4,5,6,7,8,9,10,11,12,13,14,15,16,17,18,19,20,21,22,23,24,25,26,27,28,29,30,31,32,33,34,35,36,37,,,,,,,,,,,,,,,,,,,,,,,,,,,,,,,,,,,,,,,,,,,,,,,,,,,,,,,,,,,,,,,,,,,,,,,,,,,,,,,,,,,,,,,,,,,,,,,,,,,,,,,,,,,,,,,,,,,,,,,,,,,,,,,,,,,,,,,,,,,,,,,,,,,,,,,,,,,,,,,,,,,,,,,,,,,,
N18-2g-25F,0.381642512,0.366267943,9.483068783,9.682513661,0.415632184,1.635763889,1.350353147,1.671542271,1.988841207,2.002005556,2.052650327,1.341214833,1.600889757,,,,,,,,,,,,,,,,,,,,,,,,,,,,,,,,,,,,,,,,,,,,,,,,,,,,,,,,,,,,,,,,,,,,,,,,,,,,,,,,,,,,,,,,,,,,,,,,,,,,,,,,,,,,,,,,,,,,,,,,,,,,,,,,,,,,,,,,,,,,,,,,,,,,,,,,,,,,,,,,,,,,,,,,,,,,,,,,,,,,,,,,,,,,,,,,,,,,,,,,,,
N32-2g-15F,3.748387097,2.163138686,0.742692308,0.390869565,0.48258427,1.295977011,5.520147619,5.848392857,5.236738304,4.663139323,5.300126844,3.302964481,2.570108401,1.964283069,1.217696508,1.03945866,1.042372645,1.060592096,,,,,,,,,,,,,,,,,,,,,,,,,,,,,,,,,,,,,,,,,,,,,,,,,,,,,,,,,,,,,,,,,,,,,,,,,,,,,,,,,,,,,,,,,,,,,,,,,,,,,,,,,,,,,,,,,,,,,,,,,,,,,,,,,,,,,,,,,,,,,,,,,,,,,,,,,,,,,,,,,,,,,,,,,,,,,,,,,,,,,,,,,,,,,,,,,,,,,
N32-2g-17F,7.180722892,9.366666667,5.267727273,5.433639144,2.365606936,8.821568627,11.6866585,8.138354048,9.429984677,9.607633871,4.680941076,1.997321959,1.837888347,1.235121274,1.220392141,1.275928395,0.950452924,1.083029683,0.974206731,0.891695425,0.850191589,1.081549123,0.915201812,,,,,,,,,,,,,,,,,,,,,,,,,,,,,,,,,,,,,,,,,,,,,,,,,,,,,,,,,,,,,,,,,,,,,,,,,,,,,,,,,,,,,,,,,,,,,,,,,,,,,,,,,,,,,,,,,,,,,,,,,,,,,,,,,,,,,,,,,,,,,,,,,,,,,,,,,,,,,,,,,,,,,,,,,,,,,,,,,,,,,,,,,,,,,,,,
N18-2g-34F,2.7,1.439279732,1.810502283,0.595918367,0.462903226,3.69906367,12.38151812,4.430455556,8.033540541,8.467769048,6.272785965,3.388160606,1.755058252,1.383561209,1.326987893,1.219325654,1.180676667,1.140631481,,,,,,,,,,,,,,,,,,,,,,,,,,,,,,,,,,,,,,,,,,,,,,,,,,,,,,,,,,,,,,,,,,,,,,,,,,,,,,,,,,,,,,,,,,,,,,,,,,,,,,,,,,,,,,,,,,,,,,,,,,,,,,,,,,,,,,,,,,,,,,,,,,,,,,,,,,,,,,,,,,,,,,,,,,,,,,,,,,,,,,,,,,,,,,,,,,,,,
N32-2g-21F,3.748387097,2.163138686,0.704744526,0.345769231,0.373478261,1.295977011,5.520147619,5.848392857,5.236738304,4.663139323,5.300126844,3.302964481,2.570108401,1.964283069,1.217696508,1.03945866,1.042372645,1.060592096,,,,,,,,,,,,,,,,,,,,,,,,,,,,,,,,,,,,,,,,,,,,,,,,,,,,,,,,,,,,,,,,,,,,,,,,,,,,,,,,,,,,,,,,,,,,,,,,,,,,,,,,,,,,,,,,,,,,,,,,,,,,,,,,,,,,,,,,,,,,,,,,,,,,,,,,,,,,,,,,,,,,,,,,,,,,,,,,,,,,,,,,,,,,,,,,,,,,,
N64-2g-4F,17.95,1.917592593,2.27979798,2.005274262,4.015730337,1.24517134,2.257779249,1.089817551,1.114427126,1.006496049,1.473596561,3.810641844,0.997337468,0.979517974,0.947373368,0.938984397,,,,,,,,,,,,,,,,,,,,,,,,,,,,,,,,,,,,,,,,,,,,,,,,,,,,,,,,,,,,,,,,,,,,,,,,,,,,,,,,,,,,,,,,,,,,,,,,,,,,,,,,,,,,,,,,,,,,,,,,,,,,,,,,,,,,,,,,,,,,,,,,,,,,,,,,,,,,,,,,,,,,,,,,,,,,,,,,,,,,,,,,,,,,,,,,,,,,,,,
,,,,,,,,,,,,,,,,,,,,,,,,,,,,,,,,,,,,,,,,,,,,,,,,,,,,,,,,,,,,,,,,,,,,,,,,,,,,,,,,,,,,,,,,,,,,,,,,,,,,,,,,,,,,,,,,,,,,,,,,,,,,,,,,,,,,,,,,,,,,,,,,,,,,,,,,,,,,,,,,,,,,,,,,,,,,,,,,,,,,,,,,,,,,,,,,,,,,,,,,,,,,,,,,,,,,,,,
Ave,5.951523266,2.902680718,3.381422192,3.075664038,1.352655869,2.998920258,6.452767375,4.504492523,5.17337836,5.068363862,4.180037936,2.857211367,1.888565104,1.505353319,1.186029284,1.102631153,1.05396872,1.086211339,,,,,,,,,,,,,,,,,,,,,,,,,,,,,,,,,,,,,,,,,,,,,,,,,,,,,,,,,,,,,,,,,,,,,,,,,,,,,,,,,,,,,,,,,,,,,,,,,,,,,,,,,,,,,,,,,,,,,,,,,,,,,,,,,,,,,,,,,,,,,,,,,,,,,,,,,,,,,,,,,,,,,,,,,,,,,,,,,,,,,,,,,,,,,,,,,,,,,
Sem,2.561106329,1.321896239,1.39758246,1.540192936,0.61923399,1.226475938,1.896626981,1.103149726,1.328201993,1.395118455,0.795619246,0.392682388,0.246741332,0.198191135,0.063250458,0.062614427,0.047468728,0.018895251,,,,,,,,,,,,,,,,,,,,,,,,,,,,,,,,,,,,,,,,,,,,,,,,,,,,,,,,,,,,,,,,,,,,,,,,,,,,,,,,,,,,,,,,,,,,,,,,,,,,,,,,,,,,,,,,,,,,,,,,,,,,,,,,,,,,,,,,,,,,,,,,,,,,,,,,,,,,,,,,,,,,,,,,,,,,,,,,,,,,,,,,,,,,,,,,,,,,,
,,,,,,,,,,,,,,,,,,,,,,,,,,,,,,,,,,,,,,,,,,,,,,,,,,,,,,,,,,,,,,,,,,,,,,,,,,,,,,,,,,,,,,,,,,,,,,,,,,,,,,,,,,,,,,,,,,,,,,,,,,,,,,,,,,,,,,,,,,,,,,,,,,,,,,,,,,,,,,,,,,,,,,,,,,,,,,,,,,,,,,,,,,,,,,,,,,,,,,,,,,,,,,,,,,,,,,,
,,,,,,,,,,,,,,,,,,,,,,,,,,,,,,,,,,,,,,,,,,,,,,,,,,,,,,,,,,,,,,,,,,,,,,,,,,,,,,,,,,,,,,,,,,,,,,,,,,,,,,,,,,,,,,,,,,,,,,,,,,,,,,,,,,,,,,,,,,,,,,,,,,,,,,,,,,,,,,,,,,,,,,,,,,,,,,,,,,,,,,,,,,,,,,,,,,,,,,,,,,,,,,,,,,,,,,,
Ｎ13-2g-36F,2.369127517,3.454121864,8.279069767,3.128619529,3.436858974,22.496875,20.26944444,7.231307971,8.145473485,4.127800766,2.905822129,2.319486207,2.141348739,2.400264228,1.834712121,2.020831897,1.378920336,1.379510684,1.942764526,4.639074561,2.49403836,1.558596316,3.580865,3.820742908,6.164424242,8.163,9.705148649,6.945584967,6.778153595,3.542441441,3.780635135,3.826217778,5.348659091,4.267871486,6.292761905,7.219462585,4.072701149,3.254693939,3.205696577,4.069393939,2.928848625,1.102778804,0.87559375,,,,,,,,,,,,,,,,,,,,,,,,,,,,,,,,,,,,,,,,,,,,,,,,,,,,,,,,,,,,,,,,,,,,,,,,,,,,,,,,,,,,,,,,,,,,,,,,,,,,,,,,,,,,,,,,,,,,,,,,,,,,,,,,,,,,,,,,,,,,,,,,,,,,,,,,,,,,,,,,,,,,,,,,,,,,
N10-2g-42F,3.131386861,1.546581197,1.098611111,0.42664042,0.360810811,1.100784314,1.445646199,2.144753915,3.320144608,2.843291096,2.349206522,2.462918768,1.594524922,1.088411862,1.050841131,1.043240972,1.086589,0.954242063,0.882523684,0.867030926,,,,,,,,,,,,,,,,,,,,,,,,,,,,,,,,,,,,,,,,,,,,,,,,,,,,,,,,,,,,,,,,,,,,,,,,,,,,,,,,,,,,,,,,,,,,,,,,,,,,,,,,,,,,,,,,,,,,,,,,,,,,,,,,,,,,,,,,,,,,,,,,,,,,,,,,,,,,,,,,,,,,,,,,,,,,,,,,,,,,,,,,,,,,,,,,,,,
N10-2g-43F,7.45,1.858240741,1.543123543,1.026441103,0.65154321,1.552840909,6.910251938,4.049317568,2.896533565,3.494283105,1.32710641,3.19661245,1.799411523,1.798284524,1.554310433,1.262252972,1.369960714,3.469236467,2.703926254,3.884131757,2.123838624,1.191406212,1.065312928,0.959157292,0.935827302,1.016827404,1.123168333,1.128881987,1.452856667,,,,,,,,,,,,,,,,,,,,,,,,,,,,,,,,,,,,,,,,,,,,,,,,,,,,,,,,,,,,,,,,,,,,,,,,,,,,,,,,,,,,,,,,,,,,,,,,,,,,,,,,,,,,,,,,,,,,,,,,,,,,,,,,,,,,,,,,,,,,,,,,,,,,,,,,,,,,,,,,,,,,,,,,,,,,,,,,,,,,,,,,,,
N40-2g-21F,19.8,0.640625,0.43418259,0.346448087,,1.50141844,4.922991736,6.192335069,4.946166667,3.2083625,2.807313802,3.506209924,1.521419591,1.462772173,1.622711111,1.300615192,0.996389968,0.936493769,0.966530882,0.92354717,0.887716013,0.965009966,1.0000965,,,,,,,,,,,,,,,,,,,,,,,,,,,,,,,,,,,,,,,,,,,,,,,,,,,,,,,,,,,,,,,,,,,,,,,,,,,,,,,,,,,,,,,,,,,,,,,,,,,,,,,,,,,,,,,,,,,,,,,,,,,,,,,,,,,,,,,,,,,,,,,,,,,,,,,,,,,,,,,,,,,,,,,,,,,,,,,,,,,,,,,,,,,,,,,,
N40-2g-22F,1.931818182,2.059433962,2.298271605,1.970743405,1.331901042,4.465210356,4.982421131,4.66787664,7.428754274,19.84924359,5.147156342,4.539334656,2.923829787,5.394699074,7.623569264,6.958572072,4.761266949,4.099326613,4.657755452,5.124724138,2.612884259,1.863752137,1.877157576,1.773825826,3.991887778,2.373760802,1.13737585,1.126134601,,,,,,,,,,,,,,,,,,,,,,,,,,,,,,,,,,,,,,,,,,,,,,,,,,,,,,,,,,,,,,,,,,,,,,,,,,,,,,,,,,,,,,,,,,,,,,,,,,,,,,,,,,,,,,,,,,,,,,,,,,,,,,,,,,,,,,,,,,,,,,,,,,,,,,,,,,,,,,,,,,,,,,,,,,,,,,,,,,,,,,,,,,,
N40-2g-56F,2.341085271,0.52899729,0.434962406,0.442409241,0.445673077,0.924285714,1.218766892,1.32710636,1.452453291,1.112610081,1.107147931,1.121902439,1.191552842,1.259191277,1.118225806,1.135371142,1.143043146,1.290814937,1.678807576,1.883138889,1.689660969,1.241325327,2.115293269,1.341912979,1.505311905,1.233324737,,,,,,,,,,,,,,,,,,,,,,,,,,,,,,,,,,,,,,,,,,,,,,,,,,,,,,,,,,,,,,,,,,,,,,,,,,,,,,,,,,,,,,,,,,,,,,,,,,,,,,,,,,,,,,,,,,,,,,,,,,,,,,,,,,,,,,,,,,,,,,,,,,,,,,,,,,,,,,,,,,,,,,,,,,,,,,,,,,,,,,,,,,,,,
,,,,,,,,,,,,,,,,,,,,,,,,,,,,,,,,,,,,,,,,,,,,,,,,,,,,,,,,,,,,,,,,,,,,,,,,,,,,,,,,,,,,,,,,,,,,,,,,,,,,,,,,,,,,,,,,,,,,,,,,,,,,,,,,,,,,,,,,,,,,,,,,,,,,,,,,,,,,,,,,,,,,,,,,,,,,,,,,,,,,,,,,,,,,,,,,,,,,,,,,,,,,,,,,,,,,,,,
Ave,6.170569639,1.681333342,2.348036837,1.223550297,1.245357423,5.340235789,6.62492039,4.268782921,4.698254315,5.772598523,2.607292189,2.857744074,1.862014567,2.23393719,2.467394978,2.286814041,1.789361686,2.021604089,2.138718062,2.88694124,1.961627645,1.364017991,1.927745055,1.973909751,3.149362807,3.196728236,3.988564277,3.066867185,4.115505131,3.542441441,3.780635135,3.826217778,5.348659091,4.267871486,6.292761905,7.219462585,4.072701149,3.254693939,,,,,,,,,,,,,,,,,,,,,,,,,,,,,,,,,,,,,,,,,,,,,,,,,,,,,,,,,,,,,,,,,,,,,,,,,,,,,,,,,,,,,,,,,,,,,,,,,,,,,,,,,,,,,,,,,,,,,,,,,,,,,,,,,,,,,,,,,,,,,,,,,,,,,,,,,,,,,,,,,,,,,,,,,,,,,,,,,
Sem,2.850250706,0.437650767,1.220809432,0.456106469,0.573790115,3.472128939,2.874602538,0.92824222,1.081372876,2.845579366,0.592620039,0.476859216,0.248090901,0.659922394,1.038597088,0.944998728,0.597690037,0.567909418,0.573497231,0.774910866,0.313142205,0.156788179,0.46769969,0.637702174,1.204266256,1.681964416,2.858295128,1.939359053,2.662648464,#DIV/0!,#DIV/0!,#DIV/0!,#DIV/0!,#DIV/0!,#DIV/0!,#DIV/0!,#DIV/0!,#DIV/0!,,,,,,,,,,,,,,,,,,,,,,,,,,,,,,,,,,,,,,,,,,,,,,,,,,,,,,,,,,,,,,,,,,,,,,,,,,,,,,,,,,,,,,,,,,,,,,,,,,,,,,,,,,,,,,,,,,,,,,,,,,,,,,,,,,,,,,,,,,,,,,,,,,,,,,,,,,,,,,,,,,,,,,,,,,,,,,,,,
